Date,V2,V3,V4,V5,V6,V7,V8
1/2/2025,1,13,25,30,32,35,2
29/01/2025,7,14,29,31,38,39,56
25/01/2025,14,23,24,32,38,54,50
22/01/2025,2,5,12,20,47,57,43
18/01/2025,2,13,24,29,32,39,46
15/01/2025,11,33,34,38,55,57,20
11/1/2025,2,6,10,12,28,29,57
8/1/2025,7,17,20,24,27,46,21
4/1/2025,16,19,22,24,27,35,28
1/1/2025,18,31,35,38,42,54,41
28/12/2024,16,28,34,40,53,54,55
25/12/2024,9,15,17,35,47,51,31
21/12/2024,3,4,10,16,40,54,8
18/12/2024,18,20,28,39,52,58,38
14/12/2024,1,11,12,17,19,54,3
11/12/2024,2,32,35,36,49,52,19
7/12/2024,9,12,14,26,35,42,18
4/12/2024,12,19,25,35,37,39,3
30/11/2024,14,19,21,22,24,38,17
27/11/2024,15,31,35,38,42,59,6
23/11/2024,3,8,13,33,39,44,56
20/11/2024,2,7,27,33,37,56,30
16/11/2024,12,16,31,38,58,59,41
13/11/2024,11,12,28,29,41,54,17
9/11/2024,33,36,43,44,50,56,18
6/11/2024,3,6,14,19,32,35,17
2/11/2024,11,12,16,19,35,50,34
30/10/2024,27,36,41,43,54,57,7
26/10/2024,9,16,30,41,44,47,13
23/10/2024,6,9,23,27,45,51,47
19/10/2024,22,43,44,47,48,54,25
16/10/2024,9,11,29,41,42,48,43
12/10/2024,2,11,13,17,39,41,37
9/10/2024,4,7,20,41,55,56,48
5/10/2024,8,12,13,20,44,49,19
2/10/2024,4,5,6,20,21,59,2
28/09/2024,18,23,36,38,39,54,12
25/09/2024,1,3,4,14,55,57,2
21/09/2024,5,17,26,48,49,57,56
18/09/2024,7,20,33,50,51,57,44
14/09/2024,21,27,38,47,49,55,54
11/9/2024,3,10,23,41,53,57,28
7/9/2024,13,32,33,37,38,50,2
4/9/2024,3,6,15,25,29,41,17
31/08/2024,2,3,29,45,48,52,54
28/08/2024,4,10,25,29,49,53,30
24/08/2024,4,17,30,34,39,43,45
21/08/2024,9,23,37,42,53,57,58
17/08/2024,3,6,10,18,52,59,49
14/08/2024,7,15,30,36,45,48,27
10/8/2024,2,25,40,42,48,59,12
7/8/2024,10,11,22,42,49,56,58
3/8/2024,6,19,20,26,28,45,7
31/07/2024,12,16,21,33,52,58,37
27/07/2024,3,25,27,33,40,45,58
24/07/2024,3,17,23,29,31,34,46
20/07/2024,9,19,22,41,55,58,44
17/07/2024,2,7,32,44,45,49,39
13/07/2024,22,27,37,38,49,51,59
10/7/2024,8,9,13,19,26,48,54
6/7/2024,11,18,24,37,47,59,13
3/7/2024,1,8,42,46,50,58,51
29/06/2024,7,11,19,25,29,31,6
26/06/2024,8,27,34,36,37,56,54
22/06/2024,5,9,18,32,44,58,34
19/06/2024,3,7,13,15,21,52,23
15/06/2024,1,9,25,29,34,39,22
12/6/2024,13,40,41,42,51,59,5
8/6/2024,3,7,10,23,24,41,59
5/6/2024,1,9,13,21,33,58,28
1/6/2024,6,11,16,21,43,50,9
29/05/2024,1,8,16,22,25,56,4
25/05/2024,6,28,30,40,53,58,13
22/05/2024,6,7,25,31,35,43,12
18/05/2024,9,13,22,45,46,48,29
15/05/2024,11,17,25,47,52,53,37
11/5/2024,12,13,14,34,50,51,22
8/5/2024,4,13,34,38,43,52,36
4/5/2024,2,7,16,31,54,59,10
1/5/2024,13,16,21,22,44,53,36
27/04/2024,2,15,18,25,57,58,53
24/04/2024,8,14,18,53,56,59,40
20/04/2024,5,26,29,43,52,54,32
17/04/2024,11,26,28,31,35,39,40
13/04/2024,17,26,31,33,45,48,47
10/4/2024,9,19,24,31,39,56,55
6/4/2024,10,12,14,17,20,29,33
3/4/2024,3,32,38,41,46,48,40
30/03/2024,15,16,19,37,49,51,17
27/03/2024,1,3,22,27,42,48,9
23/03/2024,7,15,41,43,45,50,28
20/03/2024,8,10,14,25,29,35,32
16/03/2024,11,16,18,35,44,45,51
13/03/2024,24,26,28,34,35,37,48
9/3/2024,14,15,17,33,53,55,43
6/3/2024,7,11,32,37,48,58,28
2/3/2024,2,20,34,40,48,59,6
28/02/2024,12,21,39,44,45,50,51
24/02/2024,3,4,11,20,36,56,28
21/02/2024,25,27,32,50,54,58,55
17/02/2024,5,19,28,39,41,42,43
14/02/2024,9,11,32,36,45,54,24
10/2/2024,4,19,24,29,43,53,34
7/2/2024,1,2,17,33,40,51,42
3/2/2024,8,19,25,28,29,50,46
31/01/2024,5,10,11,22,27,54,55
27/01/2024,18,20,22,34,47,58,16
24/01/2024,6,22,27,46,49,57,17
20/01/2024,7,14,20,29,38,49,42
17/01/2024,10,24,28,30,44,48,35
13/01/2024,8,22,27,44,46,48,7
10/1/2024,1,5,15,25,45,53,2
6/1/2024,2,23,38,43,53,54,41
3/1/2024,1,5,19,27,38,59,55
30/12/2023,15,26,29,37,49,53,38
27/12/2023,2,23,24,29,33,36,42
23/12/2023,17,29,31,40,47,56,44
20/12/2023,4,8,11,46,50,53,16
16/12/2023,4,12,23,30,50,56,8
13/12/2023,10,28,31,34,43,48,57
9/12/2023,15,27,33,44,46,59,30
6/12/2023,2,3,6,22,43,55,47
2/12/2023,2,4,11,23,26,33,40
29/11/2023,19,31,35,38,42,49,13
25/11/2023,5,9,31,34,46,48,49
22/11/2023,9,14,26,49,55,56,28
18/11/2023,3,11,22,23,32,47,56
15/11/2023,6,7,16,33,40,55,4
11/11/2023,12,26,28,34,41,42,32
8/11/2023,1,7,12,17,46,53,24
4/11/2023,20,37,39,52,54,57,43
1/11/2023,9,15,36,37,42,43,50
28/10/2023,25,28,37,38,42,50,6
25/10/2023,16,20,33,41,47,59,21
21/10/2023,14,15,26,37,43,54,6
18/10/2023,6,7,8,20,34,48,38
14/10/2023,4,27,28,31,51,57,48
11/10/2023,3,8,15,18,23,25,58
7/10/2023,10,16,20,22,47,52,26
4/10/2023,3,8,37,42,53,55,46
30/09/2023,1,8,14,20,24,40,52
27/09/2023,8,10,11,20,31,44,28
23/09/2023,12,34,37,41,55,58,13
20/09/2023,9,18,34,37,42,52,50
16/09/2023,7,17,22,24,31,59,50
13/09/2023,7,10,23,29,31,42,6
9/9/2023,15,20,39,43,49,59,56
6/9/2023,3,12,22,38,53,54,28
2/9/2023,9,11,46,49,53,55,16
30/08/2023,11,19,20,25,48,59,41
26/08/2023,12,13,41,42,45,50,43
23/08/2023,13,16,23,32,37,57,15
19/08/2023,2,7,17,28,31,37,8
16/08/2023,8,10,32,43,51,59,26
12/8/2023,14,17,21,24,25,39,44
9/8/2023,10,16,24,29,34,48,54
5/8/2023,5,22,28,38,50,58,2
2/8/2023,5,10,21,23,35,49,16
29/07/2023,8,20,21,33,37,56,25
26/07/2023,10,12,19,27,29,50,33
22/07/2023,11,14,20,35,41,46,2
19/07/2023,12,30,34,39,41,47,40
15/07/2023,10,11,37,45,46,58,30
12/7/2023,3,30,44,50,52,57,45
8/7/2023,6,15,18,23,24,59,14
5/7/2023,10,15,16,38,44,47,12
1/7/2023,1,12,20,22,24,35,34
28/06/2023,31,32,33,40,56,59,20
24/06/2023,17,18,22,36,39,53,31
21/06/2023,1,3,4,7,8,15,54
17/06/2023,11,13,28,32,46,47,21
14/06/2023,2,16,21,23,47,56,3
10/6/2023,13,29,36,39,44,56,3
7/6/2023,3,4,12,35,55,56,50
3/6/2023,4,13,15,20,22,59,17
31/05/2023,19,24,28,33,41,54,48
27/05/2023,5,14,22,37,42,49,54
24/05/2023,3,4,10,13,14,36,18
20/05/2023,7,24,34,36,44,51,20
17/05/2023,1,2,4,9,50,51,17
13/05/2023,2,13,32,42,54,58,28
10/5/2023,9,15,22,45,52,57,12
6/5/2023,3,23,33,36,54,55,7
3/5/2023,12,28,33,37,42,49,25
29/04/2023,12,31,35,41,44,56,59
26/04/2023,19,26,27,29,53,57,17
22/04/2023,8,22,29,31,35,51,46
19/04/2023,7,22,25,47,54,58,37
15/04/2023,3,13,17,21,35,58,29
12/4/2023,12,16,29,39,45,51,5
8/4/2023,4,12,19,20,24,42,17
5/4/2023,4,18,29,30,39,52,46
1/4/2023,3,7,13,40,43,47,49
29/03/2023,10,24,27,32,42,52,37
25/03/2023,11,13,30,40,43,44,28
22/03/2023,5,27,33,37,42,58,10
18/03/2023,13,22,39,46,54,59,58
15/03/2023,2,12,24,37,39,43,36
11/3/2023,1,19,27,28,41,50,49
8/3/2023,5,29,41,49,57,59,22
4/3/2023,6,16,24,30,33,44,7
1/3/2023,5,28,36,39,48,49,35
25/02/2023,22,31,32,45,50,53,35
22/02/2023,11,13,15,23,34,39,9
18/02/2023,9,35,49,52,53,58,29
15/02/2023,10,20,34,42,50,56,14
11/2/2023,3,5,37,46,47,57,50
8/2/2023,13,26,28,33,42,53,55
4/2/2023,2,5,23,27,31,58,56
1/2/2023,16,28,29,31,53,59,34
28/01/2023,5,8,20,23,30,50,25
25/01/2023,4,7,19,23,50,58,8
21/01/2023,7,9,14,21,30,57,18
18/01/2023,11,23,26,36,37,44,53
14/01/2023,9,33,37,39,47,54,24
11/1/2023,4,19,22,46,54,56,21
7/1/2023,6,7,11,33,45,57,18
4/1/2023,1,4,9,32,42,58,26
31/12/2022,27,34,47,56,57,58,19
28/12/2022,5,19,27,31,48,57,30
24/12/2022,1,8,14,46,49,59,19
21/12/2022,5,19,34,38,53,54,31
17/12/2022,15,22,38,39,49,56,32
14/12/2022,16,39,41,44,49,50,6
10/12/2022,14,17,19,23,34,51,54
7/12/2022,9,21,33,37,45,51,55
3/12/2022,11,13,14,16,19,38,23
30/11/2022,13,17,20,47,49,50,11
26/11/2022,1,3,5,17,50,52,11
23/11/2022,5,16,29,42,43,58,37
19/11/2022,5,17,20,30,39,49,59
16/11/2022,1,18,27,30,39,53,58
12/11/2022,4,11,22,37,44,48,39
9/11/2022,1,5,29,31,44,58,8
5/11/2022,2,13,27,31,38,41,34
2/11/2022,4,18,40,41,44,46,54
29/10/2022,7,15,26,37,39,58,41
26/10/2022,7,13,20,21,46,53,49
22/10/2022,11,33,42,56,58,59,34
19/10/2022,2,13,18,45,50,59,14
15/10/2022,11,13,18,25,36,55,39
12/10/2022,20,21,24,26,39,47,37
8/10/2022,6,8,12,26,32,46,51
5/10/2022,23,31,36,48,51,54,38
1/10/2022,1,4,9,40,44,58,21
28/09/2022,3,15,20,48,57,58,9
24/09/2022,14,15,18,22,39,50,51
21/09/2022,6,13,28,34,37,45,24
17/09/2022,11,22,25,28,45,55,15
14/09/2022,25,38,45,46,55,57,16
10/9/2022,2,6,7,29,31,42,9
7/9/2022,3,20,27,34,42,58,48
3/9/2022,9,25,42,43,46,52,6
31/08/2022,13,16,21,30,49,54,8
27/08/2022,7,10,20,24,30,38,19
24/08/2022,10,14,25,32,35,39,42
20/08/2022,3,5,6,9,35,59,38
17/08/2022,20,26,30,37,45,48,33
13/08/2022,15,22,42,49,50,54,59
10/8/2022,6,21,24,40,47,52,30
6/8/2022,14,15,31,41,44,45,20
3/8/2022,5,25,28,29,53,58,15
30/07/2022,7,16,17,19,33,57,12
27/07/2022,1,11,14,37,38,39,54
23/07/2022,2,10,13,34,41,54,26
20/07/2022,12,14,17,32,33,36,9
16/07/2022,2,12,19,32,54,58,23
13/07/2022,12,13,19,39,42,59,10
9/7/2022,6,12,15,24,40,48,45
6/7/2022,9,25,36,41,44,54,48
2/7/2022,9,23,33,43,48,53,1
29/06/2022,3,17,21,26,46,59,39
25/06/2022,13,23,25,31,43,52,6
22/06/2022,21,36,40,46,48,54,38
18/06/2022,11,14,36,39,42,59,21
15/06/2022,3,26,37,38,41,53,36
11/6/2022,20,21,32,34,52,59,1
8/6/2022,11,23,25,38,53,58,52
4/6/2022,9,19,41,46,52,59,24
1/6/2022,1,4,6,30,32,38,18
28/05/2022,5,16,24,34,44,57,20
25/05/2022,30,31,37,45,49,56,51
21/05/2022,12,25,37,48,51,57,8
18/05/2022,18,20,38,40,42,51,45
14/05/2022,12,15,21,24,39,50,35
11/5/2022,21,34,37,39,44,51,26
7/5/2022,3,5,6,15,41,45,39
4/5/2022,6,10,29,50,55,57,5
30/04/2022,15,19,26,41,51,57,52
27/04/2022,10,22,35,38,56,57,46
23/04/2022,7,10,24,31,48,56,15
20/04/2022,5,8,24,47,50,53,31
16/04/2022,2,4,6,35,55,58,44
13/04/2022,1,7,10,30,40,53,2
9/4/2022,10,11,18,29,44,59,17
6/4/2022,3,17,23,24,30,49,59
2/4/2022,22,24,27,30,52,57,20
30/03/2022,11,12,14,17,44,58,29
26/03/2022,13,18,27,35,46,53,40
23/03/2022,3,14,15,46,52,53,50
19/03/2022,20,24,33,34,50,51,7
16/03/2022,14,20,23,28,33,54,12
12/3/2022,7,13,21,23,39,44,16
9/3/2022,3,10,26,38,41,47,45
5/3/2022,10,21,29,33,42,51,48
2/3/2022,43,48,49,52,55,58,32
26/02/2022,5,8,33,37,47,52,20
23/02/2022,4,22,26,27,33,37,20
19/02/2022,33,34,44,50,56,57,26
16/02/2022,21,27,31,50,53,59,24
12/2/2022,9,16,26,28,47,58,49
9/2/2022,12,16,17,43,53,57,29
5/2/2022,8,24,36,39,46,56,48
2/2/2022,6,22,29,48,50,59,3
29/01/2022,4,12,35,41,47,50,46
26/01/2022,5,26,36,53,57,58,2
22/01/2022,1,20,25,35,46,59,28
19/01/2022,3,13,41,50,56,57,58
15/01/2022,13,14,25,31,37,39,4
12/1/2022,8,21,37,39,56,59,32
8/1/2022,21,28,33,36,43,46,27
5/1/2022,3,5,21,28,56,57,14
1/1/2022,14,29,31,41,43,56,42
29/12/2021,3,17,28,42,52,57,58
25/12/2021,15,24,26,30,42,59,18
22/12/2021,6,13,14,20,45,52,54
18/12/2021,12,23,27,45,51,54,59
15/12/2021,2,15,17,28,30,45,54
11/12/2021,6,13,14,15,31,33,38
8/12/2021,12,30,31,34,52,58,56
4/12/2021,8,24,25,32,33,46,47
1/12/2021,4,7,8,37,42,50,36
27/11/2021,1,15,16,17,24,48,9
24/11/2021,4,11,17,19,39,42,59
20/11/2021,5,16,17,32,51,59,53
17/11/2021,13,24,34,35,49,55,53
13/11/2021,13,14,16,28,43,52,56
10/11/2021,10,11,18,20,37,49,5
6/11/2021,3,7,21,29,34,39,19
3/11/2021,6,31,39,47,48,58,8
30/10/2021,7,18,47,51,56,59,17
27/10/2021,8,20,22,39,47,48,16
23/10/2021,4,13,21,27,28,37,19
20/10/2021,23,27,29,37,43,47,11
16/10/2021,4,18,21,24,37,58,22
13/10/2021,4,8,12,15,38,56,30
9/10/2021,6,9,30,48,51,52,55
6/10/2021,1,9,16,27,30,51,34
2/10/2021,32,35,36,37,40,51,43
29/09/2021,15,17,27,40,45,52,28
25/09/2021,13,15,31,32,36,56,53
22/09/2021,13,21,33,40,44,52,9
18/09/2021,19,32,44,45,52,53,12
15/09/2021,20,24,25,27,34,37,50
11/9/2021,2,13,38,42,52,54,39
8/9/2021,3,4,13,14,38,56,52
4/9/2021,1,14,21,36,39,41,34
1/9/2021,3,19,28,33,41,43,57
28/08/2021,18,24,34,49,50,57,41
25/08/2021,7,15,30,39,52,59,38
21/08/2021,17,18,27,28,35,57,51
18/08/2021,4,10,27,30,48,50,54
14/08/2021,1,2,15,19,39,43,58
11/8/2021,13,32,36,37,39,46,40
7/8/2021,10,15,22,41,51,57,58
4/8/2021,3,16,27,34,36,46,6
31/07/2021,11,12,13,19,43,58,48
28/07/2021,23,26,34,36,44,59,43
24/07/2021,6,7,17,28,34,37,59
21/07/2021,5,17,20,37,45,51,29
17/07/2021,3,25,33,35,48,56,1
14/07/2021,12,27,29,35,36,41,51
10/7/2021,9,19,22,33,47,54,1
7/7/2021,2,3,7,20,40,52,14
3/7/2021,1,12,27,29,31,47,23
30/06/2021,12,27,34,38,40,41,32
26/06/2021,14,24,37,39,41,53,19
23/06/2021,4,14,15,33,50,53,16
19/06/2021,12,18,21,38,44,54,14
16/06/2021,6,22,28,36,48,53,13
12/6/2021,9,11,16,27,36,52,50
9/6/2021,9,15,24,34,43,49,32
5/6/2021,3,6,33,39,46,57,17
2/6/2021,1,15,17,33,53,59,41
29/05/2021,1,10,16,36,46,55,44
26/05/2021,28,33,36,45,49,51,48
22/05/2021,9,20,41,43,46,48,7
19/05/2021,18,36,50,53,57,58,22
15/05/2021,6,19,27,32,39,57,50
12/5/2021,10,17,23,40,51,52,20
8/5/2021,10,12,23,31,37,46,15
5/5/2021,8,27,34,40,55,56,43
1/5/2021,7,10,31,32,34,40,14
28/04/2021,1,4,27,48,57,59,5
24/04/2021,16,24,29,30,32,38,1
21/04/2021,4,6,14,32,34,39,46
17/04/2021,7,8,18,21,23,57,4
14/04/2021,6,12,20,48,52,57,34
10/4/2021,20,25,26,48,49,50,30
7/4/2021,12,38,40,51,57,58,29
3/4/2021,2,8,28,32,40,45,5
31/03/2021,4,6,13,49,56,58,12
27/03/2021,3,5,18,22,26,49,29
24/03/2021,2,3,23,27,40,50,30
20/03/2021,12,15,24,34,36,51,21
17/03/2021,7,16,26,28,36,58,9
13/03/2021,6,8,11,17,29,44,20
10/3/2021,1,5,9,21,26,42,17
6/3/2021,16,17,29,47,52,56,15
3/3/2021,2,3,8,23,40,54,52
27/02/2021,4,33,36,39,45,49,20
24/02/2021,1,9,16,17,18,34,13
20/02/2021,3,16,18,24,36,56,10
17/02/2021,5,6,8,20,26,39,1
13/02/2021,15,16,37,42,44,50,48
10/2/2021,1,15,29,33,42,49,54
6/2/2021,27,28,32,39,46,52,6
3/2/2021,4,9,17,21,26,46,12
30/01/2021,4,28,31,36,51,55,42
27/01/2021,22,30,34,35,45,50,51
23/01/2021,1,6,25,45,49,52,56
20/01/2021,3,5,7,13,25,57,37
16/01/2021,3,15,38,45,48,53,27
13/01/2021,1,8,12,16,18,42,4
9/1/2021,9,21,23,30,35,38,53
6/1/2021,2,8,36,51,52,54,10
2/1/2021,6,8,9,36,39,57,37
30/12/2020,11,17,21,24,37,49,45
26/12/2020,26,43,44,46,52,55,6
23/12/2020,20,42,48,51,52,54,21
19/12/2020,4,10,14,21,27,28,23
16/12/2020,2,28,30,36,38,43,33
12/12/2020,13,38,39,49,53,56,59
9/12/2020,7,8,10,14,28,33,26
5/12/2020,13,38,47,51,52,59,18
2/12/2020,16,22,26,38,39,47,48
28/11/2020,9,27,35,45,46,57,32
25/11/2020,11,18,30,33,44,55,48
21/11/2020,23,32,37,49,54,57,47
18/11/2020,18,26,27,28,41,54,45
14/11/2020,25,37,39,44,50,56,13
11/11/2020,6,36,46,49,50,59,38
7/11/2020,3,33,45,50,52,56,44
4/11/2020,10,20,28,32,35,50,24
31/10/2020,1,6,16,34,49,59,35
28/10/2020,11,18,27,38,47,59,14
24/10/2020,13,18,19,47,53,57,44
21/10/2020,9,12,27,28,29,44,8
17/10/2020,26,32,38,41,49,51,46
14/10/2020,9,12,28,31,46,50,10
10/10/2020,11,21,36,45,49,56,2
7/10/2020,12,18,37,52,56,58,53
3/10/2020,1,4,13,24,27,47,2
30/09/2020,10,25,34,41,46,55,36
26/09/2020,1,19,35,38,54,55,45
23/09/2020,8,17,28,35,47,51,52
19/09/2020,9,13,39,49,52,53,56
16/09/2020,16,20,29,33,47,49,45
12/9/2020,5,23,36,37,42,52,14
9/9/2020,11,13,33,48,50,56,55
5/9/2020,3,11,28,36,38,47,32
2/9/2020,11,15,45,54,55,58,12
29/08/2020,5,10,21,47,51,57,16
26/08/2020,4,8,24,27,31,39,45
22/08/2020,19,23,24,28,37,51,12
19/08/2020,21,22,32,36,45,50,5
15/08/2020,10,14,16,22,25,34,21
12/8/2020,6,8,27,31,37,51,20
8/8/2020,2,40,49,53,56,58,41
5/8/2020,1,28,42,43,51,58,36
1/8/2020,4,10,13,24,53,56,22
29/07/2020,1,24,39,46,49,52,51
25/07/2020,10,13,14,18,33,34,15
22/07/2020,2,7,11,23,37,45,19
18/07/2020,1,20,24,32,33,42,30
15/07/2020,9,27,29,37,44,53,49
11/7/2020,9,10,14,17,32,58,22
8/7/2020,5,18,22,31,50,59,30
4/7/2020,32,33,34,48,52,57,13
1/7/2020,1,8,24,27,29,55,4
27/06/2020,2,15,19,33,37,43,12
24/06/2020,1,8,33,50,52,57,41
20/06/2020,7,21,26,30,40,48,13
17/06/2020,2,9,33,39,48,54,43
13/06/2020,10,12,19,21,35,51,42
10/6/2020,20,26,50,51,55,57,40
6/6/2020,3,6,12,17,35,40,33
3/6/2020,1,2,5,11,14,33,48
30/05/2020,2,6,8,32,33,35,45
27/05/2020,4,7,19,23,34,38,46
23/05/2020,15,37,38,42,45,59,54
20/05/2020,7,24,26,37,40,57,44
16/05/2020,4,20,21,44,48,52,34
13/05/2020,14,16,19,31,38,47,20
9/5/2020,7,18,21,26,42,50,59
6/5/2020,23,29,32,48,49,51,13
2/5/2020,14,18,23,39,44,52,47
29/04/2020,16,17,32,36,40,47,4
25/04/2020,3,9,21,25,28,59,36
22/04/2020,3,8,18,47,50,59,12
18/04/2020,3,6,31,43,46,53,26
15/04/2020,25,37,38,43,54,57,17
11/4/2020,20,28,30,31,44,55,50
8/4/2020,1,4,19,20,41,45,7
4/4/2020,4,22,28,39,45,49,25
1/4/2020,4,16,17,22,27,52,30
28/03/2020,8,14,27,33,46,49,11
25/03/2020,11,24,25,39,53,57,9
21/03/2020,12,26,29,34,56,58,41
18/03/2020,3,7,11,19,27,52,5
14/03/2020,7,22,30,38,42,47,14
11/3/2020,10,39,45,46,52,54,12
7/3/2020,5,29,35,36,40,44,42
4/3/2020,4,7,14,19,50,56,8
29/02/2020,25,32,34,52,55,58,9
26/02/2020,19,20,27,49,52,57,4
22/02/2020,21,23,25,27,36,47,17
19/02/2020,7,18,21,27,28,48,10
15/02/2020,10,11,33,41,45,54,18
12/2/2020,2,3,5,27,51,54,6
8/2/2020,8,35,42,43,54,59,21
5/2/2020,20,31,39,42,43,48,1
1/2/2020,7,42,44,47,58,59,52
29/01/2020,7,23,40,42,47,59,58
25/01/2020,18,30,33,39,54,55,21
22/01/2020,19,23,25,29,30,36,14
18/01/2020,14,29,35,41,42,55,11
15/01/2020,15,25,50,52,54,55,28
11/1/2020,27,28,46,51,55,57,14
8/1/2020,2,23,42,47,50,59,32
4/1/2020,3,13,14,34,50,51,11
1/1/2020,13,20,30,38,50,55,5
28/12/2019,1,2,12,23,41,55,9
25/12/2019,5,10,11,45,54,58,40
21/12/2019,12,27,33,36,42,45,26
18/12/2019,13,15,36,44,50,56,45
14/12/2019,2,21,23,32,44,49,56
11/12/2019,7,14,16,33,35,47,25
7/12/2019,6,20,27,34,35,57,39
4/12/2019,9,13,21,25,28,31,1
30/11/2019,8,16,24,36,40,57,51
27/11/2019,7,16,22,39,48,55,50
23/11/2019,23,25,28,38,47,58,31
20/11/2019,8,17,31,47,49,52,12
16/11/2019,2,10,25,51,56,59,17
13/11/2019,1,2,7,9,44,55,39
9/11/2019,2,11,16,46,51,58,31
6/11/2019,17,22,25,27,32,35,5
2/11/2019,13,16,28,34,41,56,40
30/10/2019,2,8,19,41,51,56,23
26/10/2019,16,23,26,38,56,59,32
23/10/2019,5,29,30,39,53,58,19
19/10/2019,8,15,17,31,33,52,13
16/10/2019,4,5,18,29,40,47,57
12/10/2019,23,27,30,36,40,42,58
9/10/2019,14,22,40,44,55,58,12
5/10/2019,4,8,12,13,32,34,58
2/10/2019,13,15,20,37,42,47,49
28/09/2019,2,19,21,23,29,42,26
25/09/2019,3,4,16,39,43,52,47
21/09/2019,18,23,32,33,34,41,54
18/09/2019,1,25,28,34,39,57,50
14/09/2019,6,10,14,19,26,43,28
11/9/2019,4,9,26,35,38,53,30
7/9/2019,3,13,27,30,32,37,8
4/9/2019,11,13,32,40,45,49,39
31/08/2019,5,10,16,26,41,58,15
28/08/2019,1,40,41,49,52,57,43
24/08/2019,27,36,39,45,46,55,38
21/08/2019,11,14,26,51,53,58,30
17/08/2019,6,9,10,41,46,58,45
14/08/2019,14,16,24,28,30,53,23
10/8/2019,5,8,9,17,23,29,49
7/8/2019,7,11,36,44,52,58,31
3/8/2019,8,30,34,44,45,57,31
31/07/2019,9,18,20,42,43,46,30
27/07/2019,14,19,30,45,48,58,3
24/07/2019,2,4,17,28,37,45,22
20/07/2019,14,18,23,28,36,37,32
17/07/2019,5,8,40,41,43,45,23
13/07/2019,18,25,29,32,35,58,12
10/7/2019,4,10,11,17,53,54,6
6/7/2019,24,30,44,50,56,57,9
3/7/2019,10,20,27,29,38,52,57
29/06/2019,11,32,43,44,47,52,27
26/06/2019,5,7,9,24,32,44,38
22/06/2019,6,9,17,32,44,57,11
19/06/2019,22,26,31,39,47,55,35
15/06/2019,7,40,42,47,52,54,29
12/6/2019,6,16,34,36,37,53,50
8/6/2019,12,13,22,37,42,55,43
5/6/2019,11,20,23,32,33,56,25
1/6/2019,8,26,36,39,40,47,42
29/05/2019,3,15,27,32,46,53,57
25/05/2019,5,9,26,35,43,54,24
22/05/2019,7,27,31,36,37,50,18
18/05/2019,7,22,23,26,31,54,3
15/05/2019,8,11,18,39,44,50,23
11/5/2019,13,14,19,45,49,55,24
8/5/2019,16,19,31,35,45,56,59
4/5/2019,16,17,35,39,40,55,41
1/5/2019,10,12,23,29,35,57,9
27/04/2019,1,7,26,34,52,53,10
24/04/2019,22,29,35,41,43,51,42
20/04/2019,7,8,11,17,34,54,4
17/04/2019,8,23,28,42,43,51,52
13/04/2019,4,10,15,24,37,38,30
10/4/2019,20,22,36,42,48,49,30
6/4/2019,5,8,22,33,36,43,21
3/4/2019,5,9,17,26,35,52,44
30/03/2019,3,27,35,45,54,55,24
27/03/2019,13,18,25,35,39,50,21
23/03/2019,6,26,30,50,52,59,27
20/03/2019,2,19,35,53,56,58,12
16/03/2019,6,26,32,37,42,59,38
13/03/2019,1,11,29,40,46,48,17
9/3/2019,22,27,35,40,46,52,2
6/3/2019,2,12,15,43,46,53,17
2/3/2019,4,8,16,19,33,45,54
27/02/2019,19,20,22,31,51,54,16
23/02/2019,6,9,38,40,42,48,57
20/02/2019,3,11,17,33,41,51,48
16/02/2019,11,15,18,43,46,51,12
13/02/2019,4,8,26,31,42,45,55
9/2/2019,25,27,31,36,38,47,12
6/2/2019,3,16,24,41,44,53,15
2/2/2019,1,6,41,53,55,59,20
30/01/2019,7,22,31,43,47,58,2
26/01/2019,29,40,42,47,51,56,45
23/01/2019,5,27,30,41,45,58,38
19/01/2019,11,15,17,22,31,52,45
16/01/2019,1,12,44,48,54,55,8
12/1/2019,13,29,32,43,49,55,26
9/1/2019,3,17,36,42,51,57,18
5/1/2019,18,25,27,28,32,47,6
2/1/2019,8,9,10,35,40,53,21
29/12/2018,26,31,38,40,45,57,28
26/12/2018,7,14,35,45,54,58,1
22/12/2018,4,15,17,24,32,56,31
19/12/2018,12,24,33,34,39,56,38
15/12/2018,5,26,34,35,43,49,19
12/12/2018,3,22,31,46,51,59,53
8/12/2018,6,23,36,38,43,48,17
5/12/2018,1,6,13,23,45,56,41
1/12/2018,5,8,9,12,31,49,57
28/11/2018,36,39,45,46,48,52,38
24/11/2018,15,27,30,32,42,43,10
21/11/2018,24,31,35,42,46,53,9
17/11/2018,4,5,9,12,17,42,32
14/11/2018,4,11,20,45,48,53,16
10/11/2018,7,12,17,38,42,44,53
7/11/2018,4,5,9,40,46,59,58
3/11/2018,16,31,41,45,47,52,53
31/10/2018,5,14,20,24,28,45,21
27/10/2018,1,6,25,26,31,39,56
24/10/2018,9,22,32,40,51,59,17
20/10/2018,12,18,40,42,46,59,49
17/10/2018,1,5,6,20,51,54,56
13/10/2018,19,26,40,52,56,58,38
10/10/2018,10,49,50,53,54,56,4
6/10/2018,23,26,30,32,37,39,5
3/10/2018,3,5,11,25,27,45,18
29/09/2018,17,36,40,44,54,58,27
26/09/2018,3,8,37,39,47,59,42
22/09/2018,5,16,18,20,25,55,36
19/09/2018,7,20,25,26,34,40,59
15/09/2018,25,42,48,50,55,58,44
12/9/2018,11,12,13,14,54,56,36
8/9/2018,7,19,33,34,52,53,48
5/9/2018,12,18,22,23,48,59,47
1/9/2018,3,21,22,38,46,55,50
29/08/2018,19,23,30,50,51,54,55
25/08/2018,9,22,33,39,41,56,48
22/08/2018,15,20,21,25,34,47,36
18/08/2018,1,2,6,12,13,55,11
15/08/2018,3,28,34,41,48,58,54
11/8/2018,1,3,10,18,19,37,57
8/8/2018,8,19,20,27,31,34,7
4/8/2018,5,17,23,25,34,51,52
1/8/2018,15,17,18,34,46,54,4
28/07/2018,11,29,31,32,38,45,10
25/07/2018,5,19,20,23,30,43,6
21/07/2018,9,13,16,25,40,46,52
18/07/2018,22,34,44,49,51,53,33
14/07/2018,4,8,13,26,41,55,58
11/7/2018,8,11,17,25,33,46,13
7/7/2018,17,18,29,48,52,54,1
4/7/2018,8,13,22,46,52,58,7
30/06/2018,6,28,32,45,46,49,50
27/06/2018,4,41,45,54,57,58,26
23/06/2018,1,10,15,25,31,47,53
20/06/2018,15,22,26,35,41,43,1
16/06/2018,10,18,36,37,41,46,8
13/06/2018,5,15,22,33,38,45,11
9/6/2018,3,17,20,55,56,58,57
6/6/2018,12,22,31,35,42,58,55
2/6/2018,4,32,38,43,51,58,10
30/05/2018,4,5,8,26,32,39,16
26/05/2018,9,14,19,29,39,40,3
23/05/2018,1,15,17,32,36,45,5
19/05/2018,1,3,34,36,48,52,22
16/05/2018,4,22,26,32,48,54,57
12/5/2018,1,15,21,30,35,44,5
9/5/2018,18,21,25,30,56,59,5
5/5/2018,2,9,14,49,52,56,41
2/5/2018,4,8,10,26,38,48,41
28/04/2018,3,11,37,38,43,44,20
25/04/2018,5,14,18,40,41,50,12
21/04/2018,2,8,9,12,20,57,38
18/04/2018,4,11,21,39,41,59,58
14/04/2018,10,40,42,46,47,48,38
11/4/2018,21,25,32,52,56,59,28
7/4/2018,1,4,31,33,52,55,13
4/4/2018,1,9,15,26,38,43,14
31/03/2018,6,8,20,26,35,36,39
28/03/2018,2,6,7,15,52,54,45
24/03/2018,3,11,16,36,43,59,49
21/03/2018,2,35,44,51,54,55,45
17/03/2018,7,8,13,24,45,46,39
14/03/2018,7,19,38,45,47,53,15
10/3/2018,3,7,36,42,53,59,50
7/3/2018,8,10,22,37,55,57,29
3/3/2018,15,19,20,29,42,50,36
28/02/2018,9,10,27,30,33,45,29
24/02/2018,2,11,35,40,48,55,7
21/02/2018,14,25,29,30,35,53,38
17/02/2018,5,8,9,10,38,53,56
14/02/2018,2,8,33,46,48,50,5
10/2/2018,3,12,15,29,51,58,13
7/2/2018,5,19,29,34,40,45,57
3/2/2018,8,26,27,29,49,58,38
31/01/2018,5,19,21,42,44,57,18
27/01/2018,29,33,43,45,49,56,16
24/01/2018,1,22,39,44,48,59,5
20/01/2018,2,10,19,28,29,31,47
17/01/2018,30,33,37,43,55,56,46
13/01/2018,6,7,9,18,35,46,5
10/1/2018,6,11,27,29,40,55,45
6/1/2018,18,28,31,32,44,51,50
3/1/2018,11,19,20,30,35,49,44
30/12/2017,33,37,42,47,55,58,34
27/12/2017,18,36,48,57,58,59,50
23/12/2017,20,32,36,44,47,56,41
20/12/2017,10,20,28,38,41,46,16
16/12/2017,22,25,35,45,46,57,14
13/12/2017,6,14,23,24,43,58,40
9/12/2017,2,32,37,39,46,54,19
6/12/2017,3,19,24,31,50,52,16
2/12/2017,4,9,13,32,46,50,52
29/11/2017,20,32,42,43,53,58,8
25/11/2017,4,7,29,45,54,56,8
22/11/2017,2,16,17,27,36,37,42
18/11/2017,1,20,24,36,54,58,11
15/11/2017,2,11,22,36,51,59,7
11/11/2017,4,16,27,30,41,49,54
8/11/2017,2,17,25,32,42,49,4
4/11/2017,6,20,23,29,35,53,57
1/11/2017,13,14,18,19,21,36,53
28/10/2017,8,15,33,42,55,58,53
25/10/2017,1,3,11,37,49,58,21
21/10/2017,3,31,37,41,44,59,32
18/10/2017,11,12,15,22,27,44,7
14/10/2017,6,22,40,43,47,58,42
11/10/2017,17,38,49,54,55,56,13
7/10/2017,15,20,30,37,47,51,21
4/10/2017,12,20,32,38,48,54,5
30/09/2017,13,18,21,30,50,54,20
27/09/2017,30,35,45,47,52,55,40
23/09/2017,17,18,26,39,54,56,57
20/09/2017,8,20,25,50,51,58,45
16/09/2017,1,6,31,37,49,50,38
13/09/2017,4,11,14,21,29,56,27
9/9/2017,4,7,13,49,56,58,6
6/9/2017,16,30,34,50,52,53,46
2/9/2017,30,33,35,40,41,59,8
30/08/2017,34,42,46,57,58,59,38
26/08/2017,20,25,34,41,42,52,58
23/08/2017,8,16,21,41,44,56,45
19/08/2017,12,25,39,46,52,55,3
16/08/2017,7,17,28,43,44,45,54
12/8/2017,10,27,49,52,55,56,17
9/8/2017,5,9,25,34,51,59,44
5/8/2017,14,24,30,45,49,56,27
2/8/2017,4,6,24,35,45,52,8
29/07/2017,1,26,41,55,56,59,36
26/07/2017,5,10,29,35,55,56,30
22/07/2017,5,13,21,35,41,47,23
19/07/2017,2,6,14,16,25,36,42
15/07/2017,7,8,14,47,56,58,23
12/7/2017,7,14,19,38,40,45,18
8/7/2017,1,11,18,27,32,50,25
5/7/2017,16,18,25,27,29,57,4
1/7/2017,2,19,36,52,54,59,6
28/06/2017,2,10,21,23,54,56,44
24/06/2017,4,16,26,39,42,54,24
21/06/2017,1,3,5,11,15,43,48
17/06/2017,1,11,16,20,24,44,42
14/06/2017,2,4,14,23,34,46,45
10/6/2017,10,18,28,35,36,50,2
7/6/2017,6,8,12,36,37,41,50
3/6/2017,12,19,21,38,47,51,48
31/05/2017,18,23,28,52,56,59,36
27/05/2017,20,22,31,39,41,54,33
24/05/2017,3,30,44,45,55,59,37
20/05/2017,7,8,13,29,43,53,16
17/05/2017,3,19,20,24,30,38,41
13/05/2017,7,14,15,21,23,57,52
10/5/2017,7,12,17,35,37,58,25
6/5/2017,5,34,36,38,39,48,30
3/5/2017,13,22,24,34,41,57,40
29/04/2017,24,29,30,36,46,48,7
26/04/2017,12,15,30,43,47,59,41
22/04/2017,4,6,34,37,42,52,24
19/04/2017,4,27,47,54,55,59,45
15/04/2017,8,10,16,19,23,31,48
12/4/2017,3,16,34,42,49,52,50
8/4/2017,14,23,36,45,47,50,21
5/4/2017,10,16,18,32,42,45,30
1/4/2017,1,2,11,23,25,54,14
29/03/2017,5,6,16,32,42,51,39
25/03/2017,39,48,52,53,54,58,28
22/03/2017,6,11,12,19,27,31,42
18/03/2017,3,8,19,26,37,41,43
15/03/2017,6,24,27,38,39,58,55
11/3/2017,6,15,23,29,55,57,46
8/3/2017,11,19,22,42,43,49,48
4/3/2017,24,38,39,40,49,56,21
1/3/2017,2,7,21,22,47,53,42
25/02/2017,18,24,34,38,41,49,26
22/02/2017,1,16,28,31,38,54,5
18/02/2017,11,13,21,37,49,59,4
15/02/2017,17,23,28,38,47,56,31
11/2/2017,15,18,23,42,43,52,28
8/2/2017,7,23,41,44,49,54,37
4/2/2017,6,9,27,30,40,50,22
1/2/2017,6,8,15,31,45,58,39
28/01/2017,5,21,23,34,43,45,20
25/01/2017,4,9,20,23,37,53,39
21/01/2017,4,13,37,40,52,58,51
18/01/2017,8,14,20,27,28,53,45
14/01/2017,14,19,21,36,53,54,33
11/1/2017,21,26,29,35,46,59,10
7/1/2017,8,16,33,36,45,51,38
4/1/2017,10,29,37,42,48,49,32
31/12/2016,10,17,35,41,51,54,25
28/12/2016,5,40,47,48,52,54,33
24/12/2016,16,19,29,46,54,58,12
21/12/2016,10,13,22,35,42,52,27
17/12/2016,2,11,18,32,40,54,8
14/12/2016,3,7,8,9,40,58,36
10/12/2016,11,26,31,32,33,46,20
7/12/2016,16,27,31,32,44,58,42
3/12/2016,3,8,9,19,21,54,31
30/11/2016,10,20,25,39,45,55,22
26/11/2016,1,2,28,40,48,49,17
23/11/2016,2,4,8,25,38,39,29
19/11/2016,5,7,8,16,28,37,40
16/11/2016,7,12,33,47,50,51,40
12/11/2016,3,11,16,31,44,55,8
9/11/2016,12,13,30,34,39,52,38
5/11/2016,8,12,16,26,45,49,27
2/11/2016,5,14,19,24,31,38,29
29/10/2016,7,8,16,24,29,58,42
26/10/2016,5,11,27,29,52,53,13
22/10/2016,9,19,26,27,45,50,23
19/10/2016,2,3,4,32,54,59,12
15/10/2016,14,16,25,42,46,51,53
12/10/2016,2,22,29,30,36,58,53
8/10/2016,11,17,20,32,40,42,27
5/10/2016,11,16,25,37,43,44,39
1/10/2016,4,5,18,28,43,58,55
28/09/2016,19,29,37,41,51,53,55
24/09/2016,11,24,34,43,44,47,42
21/09/2016,20,21,28,33,49,56,43
17/09/2016,10,14,25,29,52,54,37
14/09/2016,16,23,35,42,44,58,28
10/9/2016,6,17,37,46,47,51,2
7/9/2016,3,10,12,29,30,44,11
3/9/2016,2,6,17,28,38,55,37
31/08/2016,15,16,26,45,47,49,50
27/08/2016,5,10,22,23,34,54,8
24/08/2016,4,10,15,37,38,59,1
20/08/2016,8,18,26,35,41,52,17
17/08/2016,4,15,27,36,37,59,55
13/08/2016,12,20,31,39,43,46,38
10/8/2016,11,17,35,36,40,59,39
6/8/2016,34,39,42,47,53,54,8
3/8/2016,16,17,22,38,41,55,5
30/07/2016,14,26,28,41,51,57,48
27/07/2016,9,24,26,38,40,46,30
23/07/2016,19,20,30,37,54,59,25
20/07/2016,18,29,30,37,46,59,23
16/07/2016,10,14,17,32,36,50,41
13/07/2016,1,22,30,34,57,58,51
9/7/2016,1,3,22,29,36,42,12
6/7/2016,1,3,20,24,38,39,4
2/7/2016,3,9,16,19,24,43,13
29/06/2016,10,19,21,45,46,56,2
25/06/2016,13,14,18,22,24,56,16
22/06/2016,11,25,36,39,40,57,37
18/06/2016,10,17,26,31,35,38,47
15/06/2016,2,14,19,20,29,38,27
11/6/2016,4,17,30,38,47,55,3
8/6/2016,28,33,43,49,55,58,21
4/6/2016,7,32,34,48,55,58,30
1/6/2016,23,27,36,39,41,49,6
28/05/2016,8,10,36,40,52,57,59
25/05/2016,6,20,33,44,45,55,16
21/05/2016,6,7,19,28,30,52,46
18/05/2016,1,3,28,34,37,46,59
14/05/2016,9,12,23,24,32,51,16
11/5/2016,13,22,23,33,49,54,53
7/5/2016,4,14,17,27,34,36,28
4/5/2016,1,2,3,4,20,21,22
30/04/2016,1,2,5,38,53,56,31
27/04/2016,12,24,29,34,39,57,28
23/04/2016,2,14,26,35,44,59,24
20/04/2016,1,7,9,10,12,31,28
16/04/2016,2,5,14,42,51,55,54
13/04/2016,13,15,17,19,35,57,21
9/4/2016,20,22,25,34,47,51,18
6/4/2016,15,17,31,41,50,57,5
2/4/2016,7,14,20,33,47,55,15
30/03/2016,5,13,24,31,40,41,7
26/03/2016,5,12,43,51,53,57,28
23/03/2016,7,14,21,35,41,42,43
19/03/2016,21,27,31,34,40,54,22
16/03/2016,13,14,31,42,44,58,1
12/3/2016,13,21,30,39,51,56,1
9/3/2016,26,31,35,37,40,49,36
5/3/2016,11,19,29,37,40,41,47
2/3/2016,4,15,21,26,39,58,20
27/02/2016,11,14,22,37,53,56,55
24/02/2016,4,14,18,19,26,27,25
20/02/2016,2,17,35,41,57,59,42
17/02/2016,5,15,33,47,51,59,7
13/02/2016,15,16,23,39,48,59,36
10/2/2016,2,13,25,32,37,39,48
6/2/2016,10,12,18,34,52,56,50
3/2/2016,23,25,34,36,37,54,49
30/01/2016,1,6,21,31,41,44,42
27/01/2016,8,38,41,42,50,58,24
23/01/2016,8,9,10,11,41,54,24
20/01/2016,18,36,37,38,54,57,14
16/01/2016,1,8,12,25,43,52,38
13/01/2016,4,12,38,46,57,59,8
9/1/2016,26,27,46,47,52,58,48
6/1/2016,8,30,40,50,54,57,13
2/1/2016,12,25,29,40,48,56,52
30/12/2015,22,31,47,52,55,59,23
26/12/2015,17,21,31,38,44,58,20
23/12/2015,1,2,4,19,28,41,32
19/12/2015,13,14,27,46,48,50,42
16/12/2015,10,12,35,46,48,57,14
12/12/2015,15,22,25,40,53,57,23
9/12/2015,3,8,14,28,34,53,32
5/12/2015,10,11,15,50,51,56,23
2/12/2015,9,11,14,28,37,42,12
28/11/2015,7,12,20,24,34,52,18
25/11/2015,18,29,38,41,43,57,8
21/11/2015,2,8,10,11,32,47,18
18/11/2015,9,23,30,46,49,55,37
14/11/2015,2,23,39,54,55,57,11
11/11/2015,2,17,27,28,51,52,14
7/11/2015,2,3,34,43,49,50,38
4/11/2015,11,13,18,25,29,47,59
31/10/2015,26,39,41,42,55,59,16
28/10/2015,26,36,41,46,49,52,9
24/10/2015,29,31,43,55,58,59,11
21/10/2015,13,14,21,25,51,53,39
17/10/2015,8,30,37,40,46,50,36
14/10/2015,7,13,20,27,39,52,35
10/10/2015,2,3,16,32,53,54,8
7/10/2015,5,7,11,30,44,49,25
3/10/2015,7,8,9,14,35,44,4
30/09/2015,5,8,11,17,40,45,6
26/09/2015,9,17,31,33,41,42,26
23/09/2015,9,17,21,23,35,36,37
19/09/2015,14,26,28,31,32,44,22
16/09/2015,12,14,21,22,37,43,36
12/9/2015,14,20,28,31,40,46,44
9/9/2015,6,18,20,21,29,31,3
5/9/2015,24,29,33,40,43,49,22
2/9/2015,2,9,27,29,33,40,46
29/08/2015,12,18,23,33,42,43,10
26/08/2015,3,4,7,18,48,49,32
22/08/2015,7,19,22,28,40,44,31
19/08/2015,5,6,7,25,27,33,34
15/08/2015,4,8,10,21,41,49,28
12/8/2015,6,15,17,20,24,25,37
8/8/2015,6,22,28,30,39,44,33
5/8/2015,5,8,12,28,39,41,18
1/8/2015,1,16,27,42,46,47,24
29/07/2015,18,21,31,42,45,47,19
25/07/2015,2,4,5,15,20,48,37
22/07/2015,7,23,26,33,38,45,29
18/07/2015,8,15,17,33,41,47,35
15/07/2015,4,7,14,21,22,29,41
11/7/2015,6,12,32,36,38,47,1
8/7/2015,3,10,35,38,40,41,27
4/7/2015,13,14,35,39,46,49,3
1/7/2015,4,10,13,18,29,33,49
27/06/2015,2,4,8,21,30,38,22
24/06/2015,14,23,28,33,35,42,4
20/06/2015,1,6,23,25,32,35,27
17/06/2015,2,8,12,15,21,42,22
13/06/2015,18,23,25,37,39,47,17
10/6/2015,23,29,30,39,42,49,5
6/6/2015,10,14,19,24,28,33,6
3/6/2015,17,32,39,40,43,49,2
30/05/2015,6,7,23,27,38,49,24
27/05/2015,12,27,28,39,41,48,3
23/05/2015,1,8,22,30,34,40,25
20/05/2015,6,9,22,38,39,41,37
16/05/2015,7,11,15,32,46,48,17
13/05/2015,1,5,21,33,34,47,31
9/5/2015,5,17,22,31,40,48,18
6/5/2015,1,11,14,15,19,41,40
2/5/2015,7,10,11,30,31,42,36
29/04/2015,3,4,25,27,42,45,7
25/04/2015,4,11,27,28,30,49,47
22/04/2015,15,21,28,35,42,43,23
18/04/2015,1,23,27,36,43,45,10
15/04/2015,1,18,22,25,31,39,42
11/4/2015,17,22,24,28,33,46,19
8/4/2015,18,28,30,31,41,46,1
4/4/2015,1,18,20,31,38,47,43
1/4/2015,11,15,18,22,41,49,37
28/03/2015,3,4,6,21,23,44,48
25/03/2015,3,17,20,24,38,43,12
21/03/2015,1,5,7,21,37,49,30
18/03/2015,4,7,9,17,20,48,11
14/03/2015,6,17,24,29,33,36,45
11/3/2015,7,9,21,22,24,47,25
7/3/2015,2,17,21,26,30,48,31
4/3/2015,3,8,19,27,42,43,46
28/02/2015,4,7,9,10,19,47,43
25/02/2015,12,14,15,20,40,41,42
21/02/2015,1,19,24,27,38,48,36
18/02/2015,21,23,25,34,42,49,30
14/02/2015,7,20,23,29,40,46,22
11/2/2015,8,9,10,21,35,41,22
7/2/2015,3,6,15,17,18,35,22
4/2/2015,10,13,17,22,40,46,32
31/01/2015,7,10,16,33,39,44,15
28/01/2015,3,4,17,24,30,34,36
24/01/2015,4,8,19,35,44,49,17
21/01/2015,1,6,32,34,37,45,26
17/01/2015,29,37,42,46,47,49,4
14/01/2015,17,20,28,29,33,36,23
10/1/2015,13,14,16,24,41,43,39
7/1/2015,4,5,10,12,20,23,24
3/1/2015,10,15,17,18,19,31,24
31/12/2014,12,18,22,37,38,49,35
27/12/2014,11,23,28,30,32,46,49
24/12/2014,7,9,13,44,47,48,22
20/12/2014,18,22,23,32,40,42,28
17/12/2014,2,19,24,33,35,46,12
13/12/2014,18,30,33,34,38,48,36
10/12/2014,14,15,31,36,42,47,1
6/12/2014,19,23,40,43,45,49,8
3/12/2014,4,17,19,25,35,37,7
29/11/2014,6,11,18,19,38,42,17
26/11/2014,26,28,29,30,41,49,31
22/11/2014,2,3,5,15,22,29,26
19/11/2014,2,15,35,36,38,39,4
15/11/2014,5,26,28,30,42,44,40
12/11/2014,5,9,10,13,41,44,39
8/11/2014,6,7,22,27,35,42,1
5/11/2014,2,5,21,25,34,36,28
1/11/2014,3,5,9,28,35,47,14
29/10/2014,13,14,17,25,31,49,18
25/10/2014,11,15,17,30,43,49,3
22/10/2014,5,24,28,36,42,47,8
18/10/2014,1,22,30,33,40,47,42
15/10/2014,6,19,24,26,42,43,23
11/10/2014,2,5,8,23,26,32,18
8/10/2014,4,27,28,29,34,43,20
4/10/2014,4,18,24,34,36,48,10
1/10/2014,1,4,5,7,18,47,6
27/09/2014,1,3,7,19,20,46,15
24/09/2014,4,8,29,33,38,48,15
20/09/2014,2,6,22,26,33,48,43
17/09/2014,9,19,22,34,41,46,6
13/09/2014,12,15,22,29,30,35,44
10/9/2014,13,16,18,24,31,43,2
6/9/2014,11,29,32,37,40,48,14
3/9/2014,12,22,23,27,34,35,25
30/08/2014,1,19,20,30,35,46,40
27/08/2014,5,17,29,36,37,49,2
23/08/2014,1,7,11,38,41,42,45
20/08/2014,6,12,15,24,35,47,22
16/08/2014,1,3,25,33,36,42,14
13/08/2014,5,9,11,20,23,30,45
9/8/2014,16,36,40,43,45,47,10
6/8/2014,17,21,29,33,35,46,28
2/8/2014,13,23,28,37,42,45,25
30/07/2014,2,5,11,22,24,42,1
26/07/2014,8,14,22,26,35,37,11
23/07/2014,14,18,20,30,43,47,35
19/07/2014,5,9,14,25,34,38,40
16/07/2014,4,11,22,27,47,49,33
12/7/2014,3,19,23,28,37,43,34
9/7/2014,3,8,11,12,39,43,18
5/7/2014,8,15,23,24,28,34,9
2/7/2014,1,18,20,38,43,48,42
28/06/2014,8,12,28,30,43,49,42
25/06/2014,5,15,19,25,34,36,40
21/06/2014,3,7,13,17,27,40,19
18/06/2014,10,11,18,23,26,37,6
14/06/2014,9,18,22,23,29,33,15
11/6/2014,11,13,14,28,40,42,48
7/6/2014,5,10,16,23,31,44,37
4/6/2014,14,19,30,31,47,48,16
31/05/2014,7,9,18,24,39,40,4
28/05/2014,18,26,32,36,40,45,21
24/05/2014,10,31,35,40,41,44,46
21/05/2014,2,5,9,28,29,48,36
17/05/2014,10,19,20,33,43,46,25
14/05/2014,15,26,29,35,36,41,19
10/5/2014,3,5,8,10,16,17,46
7/5/2014,16,17,22,38,44,49,14
3/5/2014,1,7,9,27,30,48,28
30/04/2014,9,25,34,37,44,45,6
26/04/2014,17,22,23,33,36,42,12
23/04/2014,16,18,29,34,35,39,40
19/04/2014,13,20,31,34,36,44,11
16/04/2014,1,6,10,23,25,40,32
12/4/2014,4,17,22,26,31,47,32
9/4/2014,8,17,20,32,41,43,9
5/4/2014,3,7,20,31,43,45,41
2/4/2014,14,16,20,38,39,45,23
29/03/2014,8,14,16,21,47,49,29
26/03/2014,20,29,33,35,37,40,5
22/03/2014,17,20,28,39,43,44,40
19/03/2014,4,21,25,27,31,49,26
15/03/2014,14,19,22,25,38,48,8
12/3/2014,11,12,16,20,35,46,34
8/3/2014,2,9,12,26,31,44,5
5/3/2014,1,4,5,8,25,46,30
1/3/2014,4,9,10,13,29,40,45
26/02/2014,3,10,11,24,25,35,43
22/02/2014,19,23,34,35,39,49,33
19/02/2014,17,19,35,37,46,48,2
15/02/2014,15,17,19,22,33,40,27
12/2/2014,3,7,20,24,30,39,48
8/2/2014,8,25,27,36,39,44,4
5/2/2014,12,13,28,33,46,49,29
1/2/2014,27,34,35,36,41,48,29
29/01/2014,9,29,37,38,42,46,35
25/01/2014,4,15,21,30,41,49,11
22/01/2014,2,6,9,18,24,35,19
18/01/2014,7,12,23,27,30,31,33
15/01/2014,4,11,13,24,32,46,19
11/1/2014,22,23,25,27,28,46,24
8/1/2014,19,23,31,36,45,46,27
4/1/2014,4,11,18,28,41,44,8
1/1/2014,9,12,16,22,26,48,14
28/12/2013,16,24,25,30,34,45,49
25/12/2013,4,8,9,10,21,24,31
21/12/2013,12,18,25,28,33,40,17
18/12/2013,2,7,25,35,40,42,13
14/12/2013,13,21,24,29,35,41,8
11/12/2013,1,8,10,14,18,37,27
7/12/2013,10,12,17,28,30,42,25
4/12/2013,6,12,16,18,21,29,26
30/11/2013,9,16,19,31,36,37,15
27/11/2013,15,19,22,25,42,48,14
23/11/2013,12,16,22,35,38,48,15
20/11/2013,5,11,15,23,35,39,44
16/11/2013,3,19,21,30,41,47,38
13/11/2013,4,6,15,23,36,44,11
9/11/2013,1,2,6,29,32,47,13
6/11/2013,5,6,14,18,29,33,7
2/11/2013,10,28,32,36,37,49,27
30/10/2013,20,23,26,29,34,41,32
26/10/2013,10,14,20,22,45,49,9
23/10/2013,10,18,27,37,41,47,33
19/10/2013,3,12,19,21,29,31,15
16/10/2013,12,15,24,26,31,35,36
12/10/2013,5,12,21,26,33,45,35
9/10/2013,4,11,27,34,36,45,9
5/10/2013,5,15,17,19,20,47,38
2/10/2013,16,17,21,27,30,37,15
28/09/2013,10,12,14,25,46,48,31
25/09/2013,5,7,20,24,30,41,37
21/09/2013,11,15,36,37,38,45,9
18/09/2013,2,4,5,17,22,29,14
14/09/2013,18,20,24,30,39,48,46
11/9/2013,7,24,27,31,40,41,33
7/9/2013,1,11,12,13,35,42,5
4/9/2013,6,7,8,13,24,28,18
31/08/2013,4,14,15,17,21,31,48
28/08/2013,1,5,17,19,37,47,11
24/08/2013,5,20,26,40,42,48,1
21/08/2013,3,4,27,29,47,49,23
17/08/2013,15,25,26,33,34,41,43
14/08/2013,12,18,38,39,45,49,19
10/8/2013,14,15,17,26,35,46,18
7/8/2013,3,16,20,26,28,43,15
3/8/2013,3,5,9,13,17,37,15
31/07/2013,10,16,33,38,40,44,32
27/07/2013,12,13,18,39,43,49,37
24/07/2013,22,26,30,40,42,47,4
20/07/2013,1,3,17,19,39,42,31
17/07/2013,6,24,33,38,42,43,11
13/07/2013,12,15,24,36,45,49,32
10/7/2013,3,9,10,16,20,22,35
6/7/2013,16,24,27,39,45,49,44
3/7/2013,15,27,31,40,41,49,1
29/06/2013,7,13,25,31,34,45,4
26/06/2013,8,11,29,34,40,41,35
22/06/2013,8,24,26,28,36,43,34
19/06/2013,6,9,13,35,36,47,31
15/06/2013,3,4,16,20,33,44,27
12/6/2013,2,7,10,15,17,28,24
8/6/2013,8,9,13,17,41,43,14
5/6/2013,10,18,35,38,41,43,21
1/6/2013,11,13,24,32,34,47,9
29/05/2013,3,5,25,33,34,35,14
25/05/2013,5,6,26,30,33,40,43
22/05/2013,10,23,35,39,45,46,1
18/05/2013,3,5,24,31,48,49,15
15/05/2013,4,5,6,20,30,35,34
11/5/2013,9,12,24,25,26,43,3
8/5/2013,12,15,20,31,33,40,38
4/5/2013,11,12,22,27,40,44,37
1/5/2013,7,8,11,12,39,42,2
27/04/2013,1,13,25,39,41,44,26
24/04/2013,9,11,16,17,18,38,47
20/04/2013,8,34,38,42,44,46,14
17/04/2013,12,14,16,18,20,33,35
13/04/2013,3,13,23,27,41,49,6
10/4/2013,3,16,27,33,36,42,12
6/4/2013,11,21,22,41,47,48,36
3/4/2013,5,11,21,32,42,48,28
30/03/2013,8,15,24,40,43,45,33
27/03/2013,8,10,22,24,37,44,2
23/03/2013,3,14,16,19,37,44,31
20/03/2013,4,11,14,27,43,46,42
16/03/2013,1,11,12,27,48,49,19
13/03/2013,6,8,21,23,41,46,5
9/3/2013,12,19,25,36,44,46,18
6/3/2013,3,9,14,38,42,47,19
2/3/2013,6,9,23,31,35,48,11
27/02/2013,2,14,20,23,24,30,22
23/02/2013,2,16,25,30,31,32,36
20/02/2013,3,6,36,44,45,48,47
16/02/2013,7,20,27,39,46,48,49
13/02/2013,6,14,20,23,29,49,48
9/2/2013,8,10,27,34,40,41,48
6/2/2013,9,10,16,18,27,42,43
2/2/2013,2,12,13,14,21,30,39
30/01/2013,9,10,24,43,47,48,5
26/01/2013,2,6,21,29,34,47,11
23/01/2013,6,10,14,24,32,41,29
19/01/2013,5,9,13,16,35,39,11
16/01/2013,5,12,13,35,38,47,45
12/1/2013,3,7,11,12,24,27,13
9/1/2013,5,21,24,25,39,48,32
5/1/2013,10,15,17,21,37,47,2
2/1/2013,7,9,20,21,30,37,42
29/12/2012,6,8,31,37,40,48,36
26/12/2012,3,11,17,39,47,49,34
22/12/2012,4,14,28,34,43,44,13
19/12/2012,4,26,33,41,48,49,19
15/12/2012,6,19,22,23,28,29,18
12/12/2012,9,15,18,33,38,44,16
8/12/2012,29,33,35,36,45,48,27
5/12/2012,3,4,14,31,48,49,45
1/12/2012,5,27,31,32,38,49,1
28/11/2012,14,28,37,38,45,48,18
24/11/2012,2,4,27,34,39,44,37
21/11/2012,4,12,19,22,36,40,44
17/11/2012,17,19,20,21,25,26,14
14/11/2012,14,15,17,29,30,33,37
10/11/2012,10,23,24,25,30,37,45
7/11/2012,14,19,35,36,40,45,48
3/11/2012,5,7,9,17,20,45,10
31/10/2012,7,30,32,36,40,41,45
27/10/2012,7,14,20,30,33,46,27
24/10/2012,1,10,19,36,47,48,11
20/10/2012,9,10,24,37,39,40,36
17/10/2012,4,7,19,21,39,49,26
13/10/2012,14,26,30,32,36,48,15
10/10/2012,15,19,23,29,30,46,2
6/10/2012,1,11,16,18,27,42,4
3/10/2012,3,9,11,29,45,46,19
29/09/2012,1,6,7,8,25,42,39
26/09/2012,6,8,11,39,40,43,22
22/09/2012,10,13,29,31,36,45,44
19/09/2012,5,14,19,23,33,48,40
15/09/2012,14,18,19,35,44,45,33
12/9/2012,14,16,21,22,24,41,32
8/9/2012,8,15,21,26,28,32,29
5/9/2012,17,22,26,27,39,41,43
1/9/2012,15,30,36,39,41,49,2
29/08/2012,4,7,12,28,32,37,14
25/08/2012,12,18,23,31,44,48,40
22/08/2012,3,11,23,28,30,48,29
18/08/2012,21,27,38,42,44,46,41
15/08/2012,10,14,35,36,37,46,43
11/8/2012,1,5,14,18,34,44,23
8/8/2012,6,14,19,22,30,36,23
4/8/2012,8,10,15,21,23,45,43
1/8/2012,13,20,24,27,33,39,6
28/07/2012,7,10,22,29,43,44,26
25/07/2012,8,14,15,22,41,48,43
21/07/2012,5,14,20,40,41,42,8
18/07/2012,11,26,34,38,40,46,7
14/07/2012,13,27,29,42,43,46,28
11/7/2012,12,19,28,29,38,49,30
7/7/2012,5,22,23,30,33,45,6
4/7/2012,3,9,14,19,34,38,36
30/06/2012,1,18,19,24,30,38,41
27/06/2012,10,22,29,39,46,47,9
23/06/2012,3,25,28,30,39,45,5
20/06/2012,6,10,12,30,36,49,4
16/06/2012,3,19,21,37,40,49,35
13/06/2012,12,25,29,34,45,47,16
9/6/2012,5,14,24,26,37,44,30
6/6/2012,9,17,20,27,37,41,3
2/6/2012,16,18,20,25,29,34,15
30/05/2012,7,14,25,33,45,48,11
26/05/2012,2,6,7,15,25,44,45
23/05/2012,3,4,18,24,44,49,17
19/05/2012,1,19,39,40,42,46,22
16/05/2012,5,6,21,41,48,49,37
12/5/2012,1,5,18,21,23,33,20
9/5/2012,2,7,8,10,22,23,46
5/5/2012,4,13,17,26,27,40,36
2/5/2012,18,22,25,35,39,41,31
28/04/2012,1,3,9,23,37,46,6
25/04/2012,8,13,18,21,40,44,42
21/04/2012,10,23,25,34,41,47,30
18/04/2012,7,8,16,22,24,28,48
14/04/2012,1,5,15,22,26,42,40
11/4/2012,20,27,33,41,44,46,12
7/4/2012,12,16,23,25,31,42,18
4/4/2012,9,23,26,33,40,44,31
31/03/2012,2,5,18,40,47,49,19
28/03/2012,3,8,16,22,38,39,26
24/03/2012,6,24,27,31,39,45,32
21/03/2012,10,14,21,25,39,45,40
17/03/2012,1,3,16,20,37,40,15
14/03/2012,14,15,18,26,31,36,48
10/3/2012,1,3,12,23,37,43,33
7/3/2012,2,8,11,28,35,44,17
3/3/2012,7,20,23,28,31,40,42
29/02/2012,13,14,29,41,46,49,43
25/02/2012,7,25,26,27,29,32,33
22/02/2012,7,12,15,35,43,49,8
18/02/2012,2,19,22,30,33,41,24
15/02/2012,9,28,30,33,40,44,16
11/2/2012,1,23,24,31,45,49,6
8/2/2012,7,13,16,31,36,44,26
4/2/2012,4,7,40,41,45,48,46
1/2/2012,7,17,21,22,38,39,3
28/01/2012,10,12,25,28,31,40,1
25/01/2012,2,8,26,30,39,45,46
21/01/2012,5,17,32,39,42,49,19
18/01/2012,9,22,31,34,35,43,20
14/01/2012,7,10,12,15,25,42,33
11/1/2012,2,9,27,33,39,40,45
7/1/2012,8,14,15,17,20,47,38
4/1/2012,9,26,28,30,42,43,2
31/12/2011,7,11,37,38,42,44,2
28/12/2011,8,11,13,17,48,49,19
24/12/2011,1,15,23,32,36,43,19
21/12/2011,7,28,30,34,38,45,6
17/12/2011,1,22,35,39,42,48,12
14/12/2011,3,10,25,28,30,43,31
10/12/2011,16,21,24,29,30,39,20
7/12/2011,10,14,27,31,32,47,41
3/12/2011,1,30,35,47,48,49,8
30/11/2011,13,23,24,25,26,30,4
26/11/2011,13,16,25,26,36,46,15
23/11/2011,4,11,19,22,31,48,6
19/11/2011,1,29,31,32,34,36,45
16/11/2011,10,12,26,27,39,40,20
12/11/2011,6,12,13,28,33,38,10
9/11/2011,2,8,10,23,27,32,44
5/11/2011,14,16,23,24,27,39,43
2/11/2011,11,12,33,37,38,49,3
29/10/2011,5,9,14,28,46,49,45
26/10/2011,4,23,34,38,39,41,27
22/10/2011,20,27,28,34,43,44,1
19/10/2011,13,14,18,32,34,49,20
15/10/2011,7,12,27,34,41,46,14
12/10/2011,13,24,25,26,37,40,30
8/10/2011,6,16,22,26,30,34,45
5/10/2011,9,15,17,29,30,39,11
1/10/2011,4,15,17,26,37,41,29
28/09/2011,15,19,25,36,44,45,43
24/09/2011,10,16,29,34,37,47,31
21/09/2011,11,15,32,33,37,39,28
17/09/2011,2,3,6,41,44,45,10
14/09/2011,23,28,29,37,38,42,49
10/9/2011,5,7,9,10,22,47,37
7/9/2011,4,29,31,36,38,48,35
3/9/2011,4,17,20,26,29,36,31
31/08/2011,5,26,43,46,47,49,28
27/08/2011,6,7,29,32,41,46,49
24/08/2011,11,27,46,47,48,49,42
20/08/2011,2,3,18,30,34,35,24
17/08/2011,3,19,32,40,47,48,37
13/08/2011,5,30,31,33,35,45,3
10/8/2011,2,4,7,27,43,44,45
6/8/2011,1,14,18,24,26,28,19
3/8/2011,18,19,26,39,40,47,4
30/07/2011,4,10,29,32,34,40,48
27/07/2011,4,16,22,34,39,42,35
23/07/2011,1,2,11,30,33,45,39
20/07/2011,6,10,15,32,42,49,4
16/07/2011,4,9,13,15,18,40,30
13/07/2011,7,11,15,18,19,49,25
9/7/2011,1,2,21,24,33,49,39
6/7/2011,26,32,34,35,41,48,1
2/7/2011,10,18,34,35,39,48,6
29/06/2011,5,6,13,21,31,47,30
25/06/2011,5,9,15,30,32,39,31
22/06/2011,16,22,23,36,45,48,19
18/06/2011,3,8,10,35,38,39,31
15/06/2011,9,25,29,32,37,38,28
11/6/2011,9,11,35,37,40,45,26
8/6/2011,3,19,36,40,43,48,21
4/6/2011,7,21,25,32,43,44,27
1/6/2011,2,7,9,18,38,45,42
28/05/2011,2,3,17,23,40,43,31
25/05/2011,7,8,17,30,46,48,34
21/05/2011,4,17,23,24,30,35,5
18/05/2011,6,15,20,36,38,42,4
14/05/2011,8,18,27,28,46,48,44
11/5/2011,17,30,33,34,38,48,9
7/5/2011,17,18,24,29,35,48,3
4/5/2011,2,3,7,17,21,32,1
30/04/2011,1,6,12,29,36,44,21
27/04/2011,6,15,27,32,37,44,3
23/04/2011,5,6,18,36,44,49,10
20/04/2011,3,5,8,9,18,44,42
16/04/2011,4,34,40,41,44,49,46
13/04/2011,1,14,25,33,34,43,15
9/4/2011,6,8,17,21,39,47,22
6/4/2011,7,11,13,14,38,41,45
2/4/2011,12,14,32,44,48,49,25
30/03/2011,10,16,17,21,39,41,47
26/03/2011,2,9,16,21,31,44,38
23/03/2011,6,18,23,26,32,44,34
19/03/2011,10,26,28,34,35,39,17
16/03/2011,2,15,16,18,47,48,21
12/3/2011,7,17,19,29,30,38,40
9/3/2011,9,11,37,40,41,49,33
5/3/2011,4,13,23,29,41,43,49
2/3/2011,1,25,27,41,46,49,4
26/02/2011,6,8,20,29,34,36,43
23/02/2011,1,8,15,21,31,39,32
19/02/2011,6,16,26,32,34,46,33
16/02/2011,5,11,15,26,29,32,49
12/2/2011,16,24,27,28,30,36,35
9/2/2011,2,6,8,9,36,39,29
5/2/2011,33,34,37,40,41,47,5
2/2/2011,2,17,20,42,46,48,44
29/01/2011,5,20,25,30,36,47,15
26/01/2011,14,17,20,43,47,49,31
22/01/2011,4,14,18,24,41,44,25
19/01/2011,9,18,34,41,42,43,33
15/01/2011,7,8,21,24,33,34,2
12/1/2011,11,12,17,19,24,47,37
8/1/2011,13,14,32,35,41,47,46
5/1/2011,4,10,35,36,43,46,6
1/1/2011,4,9,33,34,36,45,26
29/12/2010,2,3,16,26,34,39,49
25/12/2010,13,15,22,25,33,34,17
22/12/2010,7,13,33,37,48,49,20
18/12/2010,9,21,35,38,46,49,40
15/12/2010,6,9,31,33,40,45,41
11/12/2010,11,15,24,33,43,49,27
8/12/2010,14,16,23,24,25,43,48
4/12/2010,4,15,19,44,45,49,11
1/12/2010,20,21,22,24,27,34,29
27/11/2010,4,10,18,41,42,47,8
24/11/2010,11,30,38,45,46,49,37
20/11/2010,6,7,8,17,27,46,29
17/11/2010,3,6,27,29,33,41,8
13/11/2010,5,11,29,31,35,39,45
10/11/2010,15,26,30,35,40,41,34
6/11/2010,12,22,30,31,34,39,36
3/11/2010,13,21,28,37,39,45,6
30/10/2010,2,22,32,33,37,45,11
27/10/2010,3,5,11,16,41,48,32
23/10/2010,2,3,14,29,35,42,12
20/10/2010,14,30,31,36,44,47,26
16/10/2010,6,30,34,38,45,48,32
13/10/2010,18,19,24,26,27,44,8
9/10/2010,5,11,19,29,33,35,46
6/10/2010,9,17,18,23,30,35,14
2/10/2010,10,16,25,26,32,40,46
29/09/2010,21,25,29,32,38,44,14
25/09/2010,19,22,30,33,35,39,5
22/09/2010,9,12,27,29,41,47,19
18/09/2010,4,5,16,17,20,32,3
15/09/2010,2,20,33,40,43,46,14
11/9/2010,4,20,21,35,39,40,28
8/9/2010,8,10,26,34,48,49,6
4/9/2010,16,19,26,27,41,47,34
1/9/2010,7,20,21,27,28,41,4
28/08/2010,3,17,32,35,43,49,27
25/08/2010,5,10,12,17,28,30,47
21/08/2010,8,15,19,26,33,36,1
18/08/2010,2,13,16,24,25,40,18
14/08/2010,5,13,17,31,42,46,4
11/8/2010,4,21,25,27,31,34,45
7/8/2010,13,16,22,25,31,39,7
4/8/2010,14,17,22,24,38,43,21
31/07/2010,10,24,30,33,40,45,16
28/07/2010,1,11,33,37,42,43,19
24/07/2010,24,26,33,35,43,44,27
21/07/2010,8,16,25,27,28,34,32
17/07/2010,15,28,32,43,44,45,20
14/07/2010,1,15,25,26,40,43,16
10/7/2010,3,5,30,31,38,47,37
7/7/2010,23,29,34,36,41,45,22
3/7/2010,8,31,37,43,44,48,14
30/06/2010,6,18,20,25,35,36,31
26/06/2010,18,26,33,35,37,47,3
23/06/2010,5,9,13,17,22,27,30
19/06/2010,34,37,39,41,42,47,45
16/06/2010,4,8,32,34,40,47,16
12/6/2010,1,16,17,19,33,34,9
9/6/2010,14,26,33,45,46,49,30
5/6/2010,5,22,23,24,26,29,31
2/6/2010,2,12,17,25,33,39,1
29/05/2010,2,17,36,39,42,48,41
26/05/2010,2,4,5,19,20,27,21
22/05/2010,1,4,16,37,47,49,27
19/05/2010,15,23,24,34,36,47,44
15/05/2010,1,4,24,26,27,48,28
12/5/2010,11,17,19,40,44,45,16
8/5/2010,1,26,28,32,46,48,10
5/5/2010,3,6,8,10,36,47,2
1/5/2010,6,15,28,29,30,47,19
28/04/2010,5,11,19,23,38,46,34
24/04/2010,1,4,12,23,33,40,35
21/04/2010,2,10,16,19,33,45,30
17/04/2010,3,10,29,31,36,44,45
14/04/2010,2,6,8,23,44,46,37
10/4/2010,6,9,11,21,40,48,27
7/4/2010,8,11,20,33,43,47,49
3/4/2010,8,9,19,28,31,37,45
31/03/2010,14,18,29,38,43,44,13
27/03/2010,6,11,15,32,38,42,24
24/03/2010,3,5,23,28,42,49,41
20/03/2010,5,11,13,18,25,46,26
17/03/2010,16,30,34,37,41,42,5
13/03/2010,23,25,28,33,44,49,46
10/3/2010,1,6,13,23,29,34,37
6/3/2010,6,13,27,28,34,42,43
3/3/2010,18,27,32,35,44,47,23
27/02/2010,7,14,17,42,44,45,47
24/02/2010,3,11,18,23,38,49,34
20/02/2010,8,24,27,31,34,36,19
17/02/2010,3,22,27,31,38,49,45
13/02/2010,16,22,24,30,39,44,9
10/2/2010,5,7,15,37,42,44,3
6/2/2010,3,12,15,17,22,29,5
3/2/2010,3,11,12,20,21,28,31
30/01/2010,2,3,4,19,23,40,22
27/01/2010,1,4,7,11,13,27,12
23/01/2010,3,7,8,16,19,30,9
20/01/2010,2,16,17,18,27,28,43
16/01/2010,4,7,10,14,27,42,25
13/01/2010,6,8,14,16,21,43,19
9/1/2010,20,24,33,34,37,48,25
6/1/2010,4,16,18,43,45,49,23
2/1/2010,26,29,30,42,43,47,18
30/12/2009,5,14,27,29,34,35,4
26/12/2009,2,8,23,25,36,42,30
23/12/2009,15,18,26,32,36,37,22
19/12/2009,1,20,28,33,40,45,35
16/12/2009,2,20,34,35,40,44,49
12/12/2009,3,13,22,23,39,45,4
9/12/2009,5,13,31,36,40,41,6
5/12/2009,8,20,36,43,45,49,12
2/12/2009,2,19,22,25,34,47,28
28/11/2009,3,4,27,30,36,47,8
25/11/2009,3,6,11,17,23,29,44
21/11/2009,9,24,30,32,36,40,35
18/11/2009,1,4,12,13,18,19,38
14/11/2009,1,5,9,20,23,39,38
11/11/2009,4,6,12,31,38,48,29
7/11/2009,19,21,39,44,45,49,47
4/11/2009,1,2,23,39,42,49,5
31/10/2009,12,18,26,35,40,44,49
28/10/2009,24,25,34,38,41,43,11
24/10/2009,5,9,12,31,32,38,3
21/10/2009,6,12,16,19,33,44,20
17/10/2009,11,25,27,32,37,43,3
14/10/2009,5,11,24,32,35,42,20
10/10/2009,17,36,37,40,43,45,34
7/10/2009,26,27,28,43,45,46,5
3/10/2009,14,21,23,32,36,46,17
30/09/2009,2,10,15,28,36,41,8
26/09/2009,3,5,17,32,40,43,29
23/09/2009,23,25,28,41,46,47,27
19/09/2009,18,20,31,33,43,45,1
16/09/2009,18,23,34,44,46,48,6
12/9/2009,18,20,24,30,43,44,47
9/9/2009,2,11,23,28,35,39,15
5/9/2009,12,19,22,26,36,41,39
2/9/2009,2,4,7,27,28,35,21
29/08/2009,9,18,34,37,39,47,5
26/08/2009,3,9,11,17,27,48,6
22/08/2009,18,23,24,36,43,44,21
19/08/2009,10,23,26,30,41,45,49
15/08/2009,16,31,32,46,47,48,34
12/8/2009,9,20,21,27,39,40,14
8/8/2009,9,17,26,32,33,36,6
5/8/2009,1,16,18,32,39,44,33
1/8/2009,2,6,27,28,40,49,14
29/07/2009,3,13,19,20,23,26,1
25/07/2009,8,17,30,32,38,40,4
22/07/2009,2,22,23,31,35,40,20
18/07/2009,9,27,28,33,39,41,12
15/07/2009,5,8,10,29,39,41,15
11/7/2009,4,6,10,28,35,39,8
8/7/2009,10,16,21,22,35,49,31
4/7/2009,14,16,26,39,44,48,23
1/7/2009,1,2,11,31,38,43,46
27/06/2009,9,17,25,26,31,42,7
24/06/2009,10,17,20,21,23,31,32
20/06/2009,3,4,17,24,29,40,46
17/06/2009,8,10,11,14,28,36,18
13/06/2009,1,13,18,36,43,48,2
10/6/2009,3,8,21,23,30,46,26
6/6/2009,6,14,32,35,41,42,43
3/6/2009,4,6,22,31,33,35,3
30/05/2009,2,5,19,20,33,43,32
27/05/2009,2,12,24,31,41,48,40
23/05/2009,12,17,32,41,44,48,15
20/05/2009,9,10,30,37,45,46,29
16/05/2009,1,5,9,27,42,45,21
13/05/2009,13,16,19,31,37,47,5
9/5/2009,6,9,28,31,37,42,12
6/5/2009,1,8,10,13,20,34,28
2/5/2009,10,17,25,32,34,40,20
29/04/2009,1,15,35,42,45,48,38
25/04/2009,7,14,17,39,41,49,29
22/04/2009,11,21,34,42,43,45,20
18/04/2009,13,24,33,35,42,49,37
15/04/2009,5,9,18,23,31,39,37
11/4/2009,6,11,24,30,32,45,3
8/4/2009,8,10,21,23,25,48,3
4/4/2009,11,18,28,32,36,39,21
1/4/2009,3,5,14,19,24,40,38
28/03/2009,2,17,19,28,31,47,14
25/03/2009,13,23,26,27,37,49,47
21/03/2009,1,31,32,33,36,38,8
18/03/2009,2,5,22,25,39,41,27
14/03/2009,9,16,25,29,31,37,24
11/3/2009,6,9,20,21,31,34,48
7/3/2009,6,21,30,32,33,44,35
4/3/2009,3,21,25,32,37,46,15
28/02/2009,6,25,33,37,42,43,23
25/02/2009,6,19,25,32,37,39,21
21/02/2009,18,22,26,42,45,46,44
18/02/2009,5,23,24,29,39,44,26
14/02/2009,2,4,17,19,38,45,15
11/2/2009,9,14,16,38,46,47,11
7/2/2009,3,7,24,25,26,41,28
4/2/2009,4,24,31,33,36,40,25
31/01/2009,1,4,13,15,35,38,39
28/01/2009,4,29,37,39,40,43,9
24/01/2009,24,25,26,38,39,40,3
21/01/2009,3,25,28,29,32,45,48
17/01/2009,1,7,9,33,36,38,39
14/01/2009,3,18,28,37,39,42,40
10/1/2009,5,8,11,15,38,45,21
7/1/2009,1,8,27,32,39,45,7
3/1/2009,9,19,36,37,39,49,10
31/12/2008,3,11,15,33,36,45,38
27/12/2008,7,10,24,39,40,42,5
24/12/2008,2,10,24,31,37,47,38
20/12/2008,3,9,11,23,36,44,25
17/12/2008,10,15,17,26,46,49,47
13/12/2008,2,4,16,28,37,47,5
10/12/2008,9,11,23,27,29,33,36
6/12/2008,10,12,20,37,39,48,31
3/12/2008,4,12,19,21,34,44,38
29/11/2008,10,34,35,39,43,47,33
26/11/2008,3,6,13,23,27,49,16
22/11/2008,4,12,34,35,38,48,27
19/11/2008,5,7,18,27,31,33,29
15/11/2008,14,17,30,37,38,41,49
12/11/2008,1,5,13,20,27,45,14
8/11/2008,15,24,26,27,33,34,23
5/11/2008,2,11,13,27,34,43,25
1/11/2008,18,19,25,30,33,43,4
29/10/2008,6,10,12,15,20,27,26
25/10/2008,1,20,31,38,43,46,36
22/10/2008,1,12,29,35,37,40,25
18/10/2008,3,10,12,30,39,40,23
15/10/2008,1,8,15,18,34,38,19
11/10/2008,20,21,23,24,27,28,33
8/10/2008,9,13,24,25,42,48,5
4/10/2008,17,18,28,29,32,40,39
1/10/2008,6,27,29,38,42,49,30
27/09/2008,11,21,27,38,40,44,2
24/09/2008,1,14,21,24,35,46,38
20/09/2008,5,15,20,22,24,47,45
17/09/2008,3,9,11,24,29,43,25
13/09/2008,5,21,28,29,40,44,35
10/9/2008,7,15,16,19,22,48,38
6/9/2008,4,6,9,13,35,36,46
3/9/2008,3,5,7,9,24,35,11
30/08/2008,2,14,27,31,36,44,48
27/08/2008,8,14,33,34,35,43,12
23/08/2008,9,16,23,26,27,42,44
20/08/2008,1,29,32,33,34,38,6
16/08/2008,2,3,9,34,35,41,46
13/08/2008,5,9,10,11,23,26,12
9/8/2008,9,10,17,29,33,40,15
6/8/2008,7,9,23,30,47,49,18
2/8/2008,8,15,23,32,35,49,9
30/07/2008,4,26,28,32,44,46,7
26/07/2008,3,11,19,24,33,35,9
23/07/2008,15,17,33,35,39,40,49
19/07/2008,6,9,13,18,29,30,37
16/07/2008,3,12,17,18,22,42,19
12/7/2008,16,27,28,29,30,42,43
9/7/2008,2,3,9,15,26,29,19
5/7/2008,2,22,26,28,30,39,12
2/7/2008,3,4,12,23,30,31,33
28/06/2008,7,12,19,23,46,48,28
25/06/2008,11,12,22,23,24,36,26
21/06/2008,8,9,11,16,18,22,36
18/06/2008,12,26,34,39,40,45,19
14/06/2008,7,16,17,23,29,34,4
11/6/2008,1,8,22,28,35,44,19
7/6/2008,5,9,14,37,38,44,42
4/6/2008,19,27,35,37,39,42,23
31/05/2008,15,20,22,34,37,39,17
28/05/2008,10,25,28,36,45,48,40
24/05/2008,3,6,10,26,30,38,15
21/05/2008,2,23,38,41,47,49,1
17/05/2008,3,11,12,41,46,47,20
14/05/2008,3,4,29,34,41,42,25
10/5/2008,4,14,18,24,32,40,37
7/5/2008,9,10,12,16,30,31,3
3/5/2008,2,15,17,32,36,42,4
30/04/2008,15,31,33,35,41,44,9
26/04/2008,1,4,16,37,39,40,35
23/04/2008,10,15,23,34,39,41,33
19/04/2008,5,19,24,38,42,46,27
16/04/2008,4,10,14,29,31,38,43
12/4/2008,4,17,22,44,46,49,26
9/4/2008,1,6,8,14,17,32,12
5/4/2008,7,23,30,41,45,49,2
2/4/2008,2,6,21,23,43,47,29
29/03/2008,11,17,28,31,40,43,39
26/03/2008,3,22,27,33,45,48,17
22/03/2008,7,11,14,27,45,48,37
19/03/2008,5,21,22,25,27,35,14
15/03/2008,2,23,37,40,48,49,29
12/3/2008,1,13,26,38,41,47,7
8/3/2008,4,15,18,30,31,47,9
5/3/2008,8,14,16,39,43,47,38
1/3/2008,1,8,12,20,29,49,4
27/02/2008,16,29,30,32,38,45,40
23/02/2008,8,11,16,25,39,46,37
20/02/2008,7,17,29,31,39,44,4
16/02/2008,9,18,21,24,37,48,22
13/02/2008,9,14,24,28,32,41,13
9/2/2008,2,14,26,29,31,40,7
6/2/2008,2,5,12,15,30,48,38
2/2/2008,5,7,18,22,25,34,12
30/01/2008,7,8,27,37,40,46,1
26/01/2008,1,2,6,13,38,43,24
23/01/2008,4,12,13,15,30,36,42
19/01/2008,6,10,30,32,43,45,23
16/01/2008,8,13,17,22,29,42,43
12/1/2008,6,11,15,18,34,45,43
9/1/2008,14,24,26,28,44,49,45
5/1/2008,2,3,12,20,33,49,11
2/1/2008,13,15,25,31,37,39,41
29/12/2007,4,13,23,28,30,32,11
26/12/2007,8,14,18,23,27,44,48
22/12/2007,11,13,14,16,21,44,35
19/12/2007,11,13,21,33,36,47,3
15/12/2007,12,22,25,43,46,49,10
12/12/2007,19,20,23,42,44,45,7
8/12/2007,4,6,10,11,24,33,26
5/12/2007,2,8,13,18,26,39,10
1/12/2007,12,24,33,36,39,42,21
28/11/2007,11,15,25,33,44,45,17
24/11/2007,1,14,25,37,39,47,38
21/11/2007,6,8,24,25,32,47,15
17/11/2007,11,16,20,22,27,46,29
14/11/2007,4,5,21,35,37,42,14
10/11/2007,5,11,13,18,25,35,7
7/11/2007,2,6,9,13,17,36,4
3/11/2007,3,10,22,25,31,49,4
31/10/2007,9,12,20,25,33,35,17
27/10/2007,6,8,10,13,22,32,3
24/10/2007,14,16,24,28,45,48,29
20/10/2007,4,15,25,27,33,40,20
17/10/2007,10,12,22,32,45,46,27
13/10/2007,7,11,12,36,38,39,44
10/10/2007,1,9,24,27,36,45,49
6/10/2007,5,6,18,22,24,38,10
3/10/2007,1,17,24,26,30,49,14
29/09/2007,1,9,10,11,16,49,37
26/09/2007,2,8,16,24,32,41,4
22/09/2007,3,12,15,18,30,31,25
19/09/2007,2,5,6,13,25,47,45
15/09/2007,3,7,12,21,25,36,24
12/9/2007,4,13,18,21,30,46,5
8/9/2007,4,10,20,24,39,49,31
5/9/2007,11,24,26,35,39,40,38
1/9/2007,3,27,34,41,42,48,8
29/08/2007,4,6,11,17,31,41,44
25/08/2007,7,13,17,33,40,42,8
22/08/2007,18,31,35,39,40,42,32
18/08/2007,2,12,26,32,37,47,22
15/08/2007,2,5,15,34,35,43,12
11/8/2007,6,10,11,19,22,46,40
8/8/2007,3,9,12,13,20,43,7
4/8/2007,12,23,25,26,34,49,4
1/8/2007,3,6,15,23,28,42,40
28/07/2007,4,18,22,27,44,48,33
25/07/2007,3,18,21,24,36,38,20
21/07/2007,3,10,21,25,29,49,20
18/07/2007,12,31,33,39,41,45,23
14/07/2007,15,27,35,37,38,39,11
11/7/2007,3,9,10,12,46,47,22
7/7/2007,16,22,28,30,33,35,37
4/7/2007,3,13,22,32,44,46,26
30/06/2007,10,11,17,34,38,46,48
27/06/2007,7,13,23,40,41,48,1
23/06/2007,6,12,19,25,31,41,21
20/06/2007,13,16,22,43,47,49,28
16/06/2007,8,17,33,41,43,45,37
13/06/2007,13,19,24,30,40,48,31
9/6/2007,2,3,23,33,40,46,30
6/6/2007,7,21,22,28,37,40,1
2/6/2007,1,10,33,35,38,43,34
30/05/2007,2,20,22,25,41,47,37
26/05/2007,3,15,19,24,28,34,17
23/05/2007,3,19,31,32,36,40,43
19/05/2007,17,19,20,32,36,48,18
16/05/2007,9,20,22,24,27,28,12
12/5/2007,3,6,9,12,40,43,44
9/5/2007,8,9,19,34,47,49,4
5/5/2007,4,33,34,38,39,49,23
2/5/2007,11,18,25,27,39,44,34
28/04/2007,11,17,24,28,41,47,48
25/04/2007,1,7,25,31,32,39,18
21/04/2007,14,20,21,30,41,46,6
18/04/2007,8,11,17,30,32,41,47
14/04/2007,13,16,23,29,36,49,14
11/4/2007,8,11,21,32,35,42,47
7/4/2007,23,24,30,31,33,37,20
4/4/2007,11,14,19,35,46,49,17
31/03/2007,3,35,39,42,44,48,41
28/03/2007,2,5,19,23,32,41,38
24/03/2007,9,14,26,28,30,45,38
21/03/2007,15,19,29,35,44,45,7
17/03/2007,1,9,14,20,43,44,32
14/03/2007,6,21,24,38,39,48,41
10/3/2007,1,9,16,34,38,41,4
7/3/2007,4,14,25,35,42,48,37
3/3/2007,1,5,11,19,28,36,38
28/02/2007,4,15,34,40,44,46,45
24/02/2007,5,18,26,34,42,49,8
21/02/2007,1,6,26,34,39,42,25
17/02/2007,6,18,40,43,47,49,32
14/02/2007,1,2,4,38,42,43,23
10/2/2007,22,26,38,39,41,42,8
7/2/2007,6,16,18,29,30,35,48
3/2/2007,13,17,39,46,47,49,48
31/01/2007,13,14,21,30,43,49,17
27/01/2007,4,15,21,23,24,38,36
24/01/2007,2,8,10,31,46,48,12
20/01/2007,4,7,26,28,39,49,47
17/01/2007,12,17,21,25,31,37,30
13/01/2007,5,8,12,20,28,48,40
10/1/2007,1,2,13,29,33,49,6
6/1/2007,15,25,29,35,39,40,11
3/1/2007,4,6,30,36,43,44,20
30/12/2006,1,2,7,11,37,45,14
27/12/2006,16,27,29,34,39,45,19
23/12/2006,10,16,24,37,44,49,4
20/12/2006,4,10,21,22,25,38,31
16/12/2006,5,8,11,27,30,46,34
13/12/2006,4,12,14,20,46,49,24
9/12/2006,5,8,10,18,20,46,43
6/12/2006,2,5,9,12,22,32,34
2/12/2006,9,11,15,31,42,46,27
29/11/2006,17,20,31,40,42,46,1
25/11/2006,4,7,31,38,44,48,1
22/11/2006,14,15,24,31,45,49,34
18/11/2006,1,19,20,32,42,46,49
15/11/2006,2,3,17,22,40,42,12
11/11/2006,23,24,28,33,34,41,18
8/11/2006,2,18,31,38,39,46,42
4/11/2006,17,30,33,40,42,43,34
1/11/2006,9,13,14,20,31,35,32
28/10/2006,4,5,6,12,20,29,30
25/10/2006,2,7,10,14,16,22,43
21/10/2006,15,18,23,31,37,49,38
18/10/2006,6,12,36,39,41,48,17
14/10/2006,8,15,24,31,37,42,45
11/10/2006,14,16,24,26,27,39,6
7/10/2006,4,13,23,24,26,36,45
4/10/2006,12,14,16,19,27,32,44
30/09/2006,8,12,13,19,26,38,11
27/09/2006,2,3,16,27,44,48,24
23/09/2006,6,26,28,35,42,43,38
20/09/2006,3,21,29,35,38,45,46
16/09/2006,11,12,16,33,34,43,28
13/09/2006,8,15,17,40,43,48,21
9/9/2006,2,15,21,37,43,46,36
6/9/2006,5,7,14,29,37,38,12
2/9/2006,3,8,20,22,34,40,38
30/08/2006,19,21,22,38,44,49,45
26/08/2006,10,17,24,31,42,49,5
23/08/2006,6,16,20,21,23,37,40
19/08/2006,6,29,31,34,40,48,4
16/08/2006,4,8,16,20,25,31,43
12/8/2006,24,30,38,43,46,49,6
9/8/2006,2,4,12,16,18,41,48
5/8/2006,3,11,13,18,26,31,35
2/8/2006,5,8,9,18,41,47,49
29/07/2006,4,5,16,19,21,49,20
26/07/2006,7,17,27,30,33,39,6
22/07/2006,20,22,23,26,31,47,2
19/07/2006,4,21,25,37,45,46,6
15/07/2006,6,12,19,20,38,39,13
12/7/2006,18,20,26,27,28,39,45
8/7/2006,6,10,19,29,32,42,13
5/7/2006,7,17,29,33,42,45,24
1/7/2006,18,28,33,37,39,42,15
28/06/2006,11,12,34,39,44,48,21
24/06/2006,9,14,21,23,39,44,19
21/06/2006,8,16,27,38,44,49,31
17/06/2006,25,26,33,40,41,47,10
14/06/2006,4,7,10,33,35,49,46
10/6/2006,14,27,32,39,41,47,12
7/6/2006,6,9,11,14,33,48,31
3/6/2006,4,6,7,9,28,39,20
31/05/2006,4,16,32,34,35,37,1
27/05/2006,5,8,12,24,28,31,22
24/05/2006,1,17,25,29,41,46,6
20/05/2006,6,16,17,22,24,45,48
17/05/2006,3,10,19,33,35,38,8
13/05/2006,3,15,21,22,36,47,27
10/5/2006,8,13,28,32,36,46,15
6/5/2006,2,7,11,21,33,34,8
3/5/2006,9,11,22,39,40,42,12
29/04/2006,4,10,23,36,37,49,0
26/04/2006,1,27,32,33,45,48,25
22/04/2006,9,24,30,40,42,48,15
19/04/2006,3,9,33,44,47,49,38
15/04/2006,7,15,19,23,37,48,45
12/4/2006,7,19,26,38,44,49,24
8/4/2006,5,6,7,18,28,40,12
5/4/2006,1,2,16,22,26,49,15
1/4/2006,9,17,18,21,23,39,45
29/03/2006,2,6,18,36,37,44,19
25/03/2006,2,6,10,17,29,30,9
22/03/2006,4,8,16,19,34,40,38
18/03/2006,7,10,22,24,34,44,18
15/03/2006,1,14,21,30,35,48,24
11/3/2006,4,9,13,29,31,36,16
8/3/2006,1,11,14,35,37,42,26
4/3/2006,1,16,22,32,33,40,48
1/3/2006,15,16,19,28,38,42,20
25/02/2006,7,14,24,37,43,48,29
22/02/2006,5,9,27,35,42,43,14
18/02/2006,9,23,32,35,36,40,5
15/02/2006,5,11,12,16,17,45,42
11/2/2006,4,9,15,25,30,40,42
8/2/2006,9,27,28,31,41,42,25
4/2/2006,1,3,6,22,23,39,21
1/2/2006,5,11,13,17,44,48,25
28/01/2006,9,18,22,29,30,48,23
25/01/2006,9,14,15,18,26,46,45
21/01/2006,1,25,26,27,39,49,37
18/01/2006,2,3,7,24,46,47,36
14/01/2006,4,8,16,23,28,47,34
11/1/2006,5,6,8,19,34,38,11
7/1/2006,8,14,19,28,29,48,6
4/1/2006,7,13,31,43,45,47,23
31/12/2005,6,9,11,33,36,49,29
28/12/2005,6,8,10,19,30,42,23
24/12/2005,17,21,25,27,30,37,16
21/12/2005,5,6,12,13,31,45,24
17/12/2005,7,11,15,21,35,47,43
14/12/2005,7,9,17,22,27,40,41
10/12/2005,20,23,25,30,31,48,10
7/12/2005,2,8,11,12,22,26,46
3/12/2005,2,10,11,28,36,47,33
30/11/2005,7,14,29,37,41,45,4
26/11/2005,19,27,28,34,39,46,7
23/11/2005,14,33,36,39,42,46,13
19/11/2005,4,9,10,19,24,37,28
16/11/2005,4,9,22,24,30,41,20
12/11/2005,12,13,25,30,45,47,42
9/11/2005,1,15,23,30,45,49,33
5/11/2005,12,13,21,26,32,39,17
2/11/2005,19,25,32,47,48,49,28
29/10/2005,2,5,13,30,39,49,3
26/10/2005,10,14,26,28,33,38,23
22/10/2005,18,20,22,30,32,39,3
19/10/2005,7,18,20,21,29,47,31
15/10/2005,4,7,29,30,42,44,39
12/10/2005,5,7,13,15,19,45,38
8/10/2005,1,14,20,22,25,26,9
5/10/2005,14,17,23,30,34,42,19
1/10/2005,4,6,31,42,46,47,11
28/09/2005,21,32,41,42,43,46,17
24/09/2005,2,11,27,29,36,44,15
21/09/2005,2,23,33,35,40,42,25
17/09/2005,9,21,23,31,40,46,8
14/09/2005,15,20,22,25,35,39,36
10/9/2005,1,8,24,27,34,46,30
7/9/2005,1,5,7,41,43,49,45
3/9/2005,14,26,34,35,36,45,32
31/08/2005,4,10,14,21,32,49,44
27/08/2005,6,13,17,23,32,43,49
24/08/2005,1,40,43,44,48,49,2
20/08/2005,7,11,12,20,38,44,45
17/08/2005,3,10,13,22,31,33,15
13/08/2005,19,22,30,35,44,48,3
10/8/2005,8,15,30,31,34,43,40
6/8/2005,3,6,7,17,30,34,8
3/8/2005,2,10,30,36,37,43,29
30/07/2005,3,9,13,35,43,45,8
27/07/2005,10,12,13,17,31,37,44
23/07/2005,7,12,16,24,29,37,44
20/07/2005,4,29,39,41,43,45,42
16/07/2005,2,3,21,24,38,44,47
13/07/2005,3,25,36,39,42,47,23
9/7/2005,7,20,22,23,34,37,38
6/7/2005,3,12,17,36,44,49,20
2/7/2005,8,25,33,35,38,40,7
29/06/2005,7,12,23,26,29,44,31
25/06/2005,15,23,27,38,44,49,34
22/06/2005,1,4,7,44,47,48,14
18/06/2005,4,7,26,41,42,49,37
15/06/2005,7,11,12,37,42,45,4
11/6/2005,1,2,18,25,34,45,31
8/6/2005,11,13,26,34,44,48,2
4/6/2005,6,8,13,15,21,40,35
1/6/2005,3,11,17,19,20,41,6
28/05/2005,10,16,21,24,34,46,30
25/05/2005,14,18,29,33,37,39,47
21/05/2005,14,34,38,43,47,48,9
18/05/2005,4,19,22,27,28,47,41
14/05/2005,12,18,22,33,43,48,25
11/5/2005,1,6,11,17,29,43,8
7/5/2005,2,6,21,34,35,49,46
4/5/2005,30,35,38,41,45,48,46
30/04/2005,2,23,26,30,39,47,31
27/04/2005,2,15,20,24,32,47,29
23/04/2005,3,18,25,29,31,43,23
20/04/2005,13,26,27,38,41,43,35
16/04/2005,25,26,32,39,40,42,41
13/04/2005,14,23,36,40,41,48,6
9/4/2005,14,22,25,27,45,47,8
6/4/2005,22,26,36,43,45,49,6
2/4/2005,18,26,27,29,34,42,36
30/03/2005,1,11,23,26,29,31,39
26/03/2005,5,21,23,28,40,48,26
23/03/2005,12,14,25,30,32,38,42
19/03/2005,6,8,18,33,43,49,27
16/03/2005,3,7,9,21,35,39,32
12/3/2005,1,2,8,9,41,48,29
9/3/2005,14,21,25,39,40,47,20
5/3/2005,6,19,24,26,27,49,8
2/3/2005,3,6,15,16,33,48,43
26/02/2005,8,14,25,40,43,48,33
23/02/2005,17,25,30,32,36,37,6
19/02/2005,10,16,19,30,35,45,6
16/02/2005,9,13,18,29,30,49,41
12/2/2005,11,18,20,23,32,48,25
9/2/2005,12,18,22,24,32,33,17
5/2/2005,19,22,33,36,43,44,1
2/2/2005,2,19,28,33,44,49,21
29/01/2005,3,8,27,38,44,46,35
26/01/2005,3,12,14,22,33,40,19
22/01/2005,5,15,23,30,34,42,14
19/01/2005,15,24,28,33,34,47,37
15/01/2005,5,20,30,32,35,38,9
12/1/2005,4,5,31,33,38,42,41
8/1/2005,7,10,17,28,29,33,36
5/1/2005,5,8,15,20,42,48,40
1/1/2005,4,6,9,12,15,40,25
29/12/2004,4,22,30,41,43,47,29
24/12/2004,15,19,24,36,37,49,35
22/12/2004,4,12,27,44,45,47,41
18/12/2004,5,16,22,25,27,30,33
15/12/2004,7,11,19,25,31,39,23
11/12/2004,7,9,19,23,27,49,1
8/12/2004,11,12,16,26,35,39,34
4/12/2004,8,9,35,38,42,45,14
1/12/2004,7,18,27,31,36,49,43
27/11/2004,4,7,9,10,43,46,11
24/11/2004,6,9,15,23,38,48,45
20/11/2004,1,4,8,26,28,36,31
17/11/2004,11,14,20,24,28,36,46
13/11/2004,4,10,12,13,14,22,21
10/11/2004,13,27,37,40,43,49,1
6/11/2004,5,17,23,26,42,48,0
3/11/2004,5,25,33,35,36,39,43
30/10/2004,3,8,9,26,27,47,45
27/10/2004,9,11,21,39,40,46,35
23/10/2004,22,27,33,37,38,40,24
20/10/2004,10,13,19,25,31,33,21
16/10/2004,25,32,33,36,45,46,47
13/10/2004,3,7,14,17,18,43,42
9/10/2004,6,17,22,27,30,34,26
6/10/2004,6,11,12,19,37,44,16
2/10/2004,1,5,6,31,33,41,35
29/09/2004,4,14,23,31,35,41,24
25/09/2004,3,10,28,29,42,43,2
22/09/2004,12,19,40,42,46,49,17
18/09/2004,5,10,13,14,28,42,48
15/09/2004,3,11,17,21,33,44,27
11/9/2004,5,8,19,30,35,42,18
8/9/2004,1,10,27,35,39,48,28
4/9/2004,3,5,10,25,43,47,20
1/9/2004,12,25,27,32,37,49,28
28/08/2004,6,7,10,20,37,44,36
25/08/2004,10,12,13,19,31,46,17
21/08/2004,1,2,19,30,44,49,21
18/08/2004,6,11,12,13,36,42,21
14/08/2004,13,14,31,32,37,41,42
11/8/2004,11,12,19,47,48,49,7
7/8/2004,8,11,28,33,38,41,40
4/8/2004,4,7,8,10,17,22,11
31/07/2004,3,13,17,29,40,48,39
28/07/2004,10,11,14,21,25,42,15
24/07/2004,22,27,30,31,48,49,28
21/07/2004,6,9,13,15,40,43,2
17/07/2004,1,3,11,16,23,36,22
14/07/2004,6,27,33,38,45,47,8
10/7/2004,6,9,31,32,40,47,24
7/7/2004,5,10,11,16,17,33,13
3/7/2004,6,8,21,25,43,47,16
30/06/2004,11,12,15,29,37,43,45
26/06/2004,16,21,24,28,31,33,3
23/06/2004,5,18,21,24,38,48,25
19/06/2004,2,23,28,31,42,45,17
16/06/2004,22,26,29,31,35,42,6
12/6/2004,7,22,35,44,48,49,16
9/6/2004,1,12,23,26,35,45,43
5/6/2004,5,8,9,26,29,44,16
2/6/2004,5,22,26,40,42,43,44
29/05/2004,1,4,6,18,19,40,30
26/05/2004,11,15,18,24,34,44,28
22/05/2004,1,4,5,25,34,46,12
19/05/2004,10,22,28,33,37,39,42
15/05/2004,4,29,35,44,46,49,12
12/5/2004,10,11,15,18,19,40,28
8/5/2004,14,17,23,28,42,49,5
5/5/2004,23,32,33,42,43,45,4
1/5/2004,5,6,10,15,27,49,20
28/04/2004,1,3,26,34,43,47,12
24/04/2004,1,3,4,5,17,37,30
21/04/2004,7,19,20,29,41,49,18
17/04/2004,3,21,31,42,47,48,34
14/04/2004,1,3,22,32,38,44,45
10/4/2004,25,30,34,39,40,47,16
7/4/2004,9,25,33,36,46,49,43
3/4/2004,3,9,12,28,29,38,5
31/03/2004,4,7,8,11,24,40,33
27/03/2004,19,21,25,33,37,41,38
24/03/2004,7,17,19,26,29,41,49
20/03/2004,13,21,37,42,46,48,22
17/03/2004,5,16,30,38,42,43,4
13/03/2004,1,10,11,18,19,46,43
10/3/2004,11,14,17,34,37,43,22
6/3/2004,17,19,20,35,43,45,7
3/3/2004,24,38,40,44,47,48,23
28/02/2004,6,19,22,38,39,43,18
25/02/2004,6,21,28,34,38,41,47
21/02/2004,1,5,8,18,42,48,38
18/02/2004,1,3,5,13,21,24,29
14/02/2004,14,15,17,31,39,45,23
11/2/2004,22,23,38,40,43,47,32
7/2/2004,18,22,25,44,45,46,7
4/2/2004,9,11,18,20,35,47,40
31/01/2004,5,12,13,19,27,47,40
28/01/2004,8,10,16,17,30,47,7
24/01/2004,16,25,27,32,35,43,42
21/01/2004,3,11,25,28,34,45,42
17/01/2004,4,8,21,24,39,44,5
14/01/2004,2,5,19,21,40,46,33
10/1/2004,14,23,29,39,41,45,17
7/1/2004,2,12,17,23,24,34,10
3/1/2004,17,18,22,23,40,49,10
31/12/2003,19,28,31,34,41,47,1
27/12/2003,3,18,22,27,41,46,37
24/12/2003,1,7,24,27,46,48,31
20/12/2003,8,23,35,39,44,46,31
17/12/2003,4,6,13,21,36,46,37
13/12/2003,1,7,9,28,33,39,4
10/12/2003,8,14,21,26,37,48,9
6/12/2003,3,11,13,34,35,43,8
3/12/2003,2,28,34,35,38,47,6
29/11/2003,9,23,25,26,33,36,37
26/11/2003,16,32,34,35,40,48,3
22/11/2003,1,5,8,16,31,39,22
19/11/2003,11,12,13,18,43,48,21
15/11/2003,17,30,31,32,35,47,42
12/11/2003,6,9,13,17,21,24,30
8/11/2003,2,12,33,39,45,48,29
5/11/2003,10,12,18,20,22,47,38
1/11/2003,9,11,15,24,38,46,29
29/10/2003,9,19,25,29,30,38,3
25/10/2003,4,10,18,21,43,49,15
22/10/2003,6,19,29,32,34,46,39
18/10/2003,5,11,17,23,40,45,41
15/10/2003,7,11,16,32,42,49,17
11/10/2003,3,6,11,20,34,43,36
8/10/2003,6,22,25,26,28,44,9
4/10/2003,2,8,23,32,35,39,16
1/10/2003,3,16,24,27,30,48,21
27/09/2003,7,24,30,44,46,47,38
24/09/2003,11,13,28,34,37,45,9
20/09/2003,1,2,15,23,31,48,49
17/09/2003,3,9,15,16,21,29,46
13/09/2003,3,4,8,9,30,32,12
10/9/2003,9,25,28,37,41,48,30
6/9/2003,1,21,25,27,39,42,17
3/9/2003,10,11,13,38,39,42,8
30/08/2003,18,26,33,38,43,44,2
27/08/2003,8,18,19,29,44,45,42
23/08/2003,10,15,18,25,42,48,11
20/08/2003,5,6,34,37,42,48,31
16/08/2003,1,9,10,12,42,45,27
13/08/2003,10,15,16,18,19,28,8
9/8/2003,11,14,19,25,30,41,38
6/8/2003,1,8,13,22,36,45,21
2/8/2003,5,26,28,45,47,49,8
30/07/2003,2,17,22,38,45,49,1
26/07/2003,1,12,16,26,37,49,23
23/07/2003,11,19,23,31,38,46,9
19/07/2003,3,9,10,17,34,48,36
16/07/2003,2,15,16,17,26,42,35
12/7/2003,9,12,13,15,21,33,43
9/7/2003,2,7,24,30,31,35,18
5/7/2003,6,10,18,19,22,43,8
2/7/2003,1,14,17,23,30,47,12
28/06/2003,1,10,17,23,29,35,36
25/06/2003,2,6,7,23,27,30,21
21/06/2003,12,20,36,39,44,45,49
18/06/2003,16,18,26,32,38,40,27
14/06/2003,3,12,29,37,43,46,11
11/6/2003,9,13,22,39,48,49,14
7/6/2003,2,5,6,17,18,30,29
4/6/2003,7,20,27,40,43,49,12
31/05/2003,2,9,12,22,25,26,21
28/05/2003,1,7,15,25,27,32,22
24/05/2003,4,22,25,30,34,42,35
21/05/2003,18,19,21,32,35,39,42
17/05/2003,8,12,15,22,36,48,37
14/05/2003,1,3,4,16,17,27,7
10/5/2003,8,18,24,26,32,38,31
7/5/2003,7,12,26,33,35,47,28
3/5/2003,3,6,7,29,46,49,37
30/04/2003,16,20,26,35,43,46,10
26/04/2003,9,21,27,33,35,48,18
23/04/2003,13,24,31,33,41,44,5
19/04/2003,8,10,13,31,38,48,14
16/04/2003,5,7,23,29,38,47,26
12/4/2003,3,5,16,25,43,45,23
9/4/2003,7,20,25,27,33,45,41
5/4/2003,9,26,30,31,38,45,32
2/4/2003,8,11,15,21,37,39,25
29/03/2003,5,15,21,33,35,42,26
26/03/2003,10,22,35,37,47,49,31
22/03/2003,2,8,10,45,47,49,9
19/03/2003,2,10,15,16,18,39,36
15/03/2003,4,24,25,28,38,47,11
12/3/2003,6,16,33,37,40,41,25
8/3/2003,5,6,8,32,33,41,15
5/3/2003,3,8,12,23,34,46,24
1/3/2003,22,24,29,31,44,45,35
26/02/2003,5,18,34,38,40,45,22
22/02/2003,19,30,33,38,42,44,31
19/02/2003,1,4,10,17,28,35,32
15/02/2003,4,20,32,44,48,49,27
12/2/2003,12,17,18,20,30,35,49
8/2/2003,23,27,32,37,41,43,35
5/2/2003,1,13,17,26,42,46,30
1/2/2003,2,13,30,39,45,47,21
29/01/2003,1,6,26,29,37,48,27
25/01/2003,3,19,35,38,39,42,1
22/01/2003,5,16,23,35,44,47,46
18/01/2003,4,11,20,35,43,46,18
15/01/2003,11,29,33,38,46,48,44
11/1/2003,9,18,22,26,37,41,20
8/1/2003,10,12,22,34,46,48,3
4/1/2003,19,32,33,36,40,45,28
1/1/2003,3,22,27,29,34,41,31
28/12/2002,2,18,20,32,36,37,5
24/12/2002,4,8,9,19,32,46,17
21/12/2002,4,22,23,37,43,44,19
18/12/2002,11,17,21,22,40,42,19
14/12/2002,11,21,38,39,45,47,26
11/12/2002,10,13,15,16,29,48,49
7/12/2002,2,19,29,34,35,36,18
4/12/2002,2,4,23,26,28,40,29
30/11/2002,6,7,20,29,37,39,25
27/11/2002,11,25,35,36,42,47,18
23/11/2002,5,6,12,19,30,47,25
20/11/2002,16,18,19,44,46,48,3
16/11/2002,10,30,34,42,48,49,6
13/11/2002,3,6,8,14,24,31,35
9/11/2002,4,5,8,19,31,37,36
6/11/2002,2,6,8,21,41,42,7
2/11/2002,5,28,32,39,42,48,21
30/10/2002,10,21,26,31,48,49,29
26/10/2002,7,10,24,32,33,45,29
23/10/2002,11,26,36,43,44,46,29
19/10/2002,12,30,43,44,45,47,10
16/10/2002,13,19,25,28,34,45,32
12/10/2002,16,18,35,36,39,48,15
9/10/2002,7,22,25,31,44,47,1
5/10/2002,15,16,18,36,37,49,28
2/10/2002,2,3,14,15,21,48,8
28/09/2002,2,9,10,11,13,16,26
25/09/2002,6,21,29,32,33,47,4
21/09/2002,1,6,7,11,13,30,27
18/09/2002,4,7,12,29,37,42,14
14/09/2002,8,14,24,27,29,32,21
11/9/2002,15,20,28,37,40,44,23
7/9/2002,7,21,29,31,38,41,28
4/9/2002,2,23,28,33,45,47,13
31/08/2002,2,18,23,31,43,46,11
28/08/2002,4,7,9,17,36,46,23
24/08/2002,4,17,26,28,38,46,3
21/08/2002,5,14,19,32,34,42,35
17/08/2002,19,20,31,32,35,40,23
14/08/2002,1,6,8,20,29,38,31
10/8/2002,13,16,23,28,31,32,18
7/8/2002,10,22,23,30,33,42,36
3/8/2002,6,11,19,35,36,44,39
31/07/2002,9,13,15,23,26,45,49
27/07/2002,24,26,28,29,34,44,45
24/07/2002,7,13,21,34,35,43,10
20/07/2002,7,10,16,34,47,48,36
17/07/2002,10,11,31,41,45,46,42
13/07/2002,15,21,23,24,31,32,8
10/7/2002,4,18,19,20,30,43,24
6/7/2002,1,20,42,43,44,49,9
3/7/2002,2,4,5,22,27,29,24
29/06/2002,4,25,28,36,42,49,37
26/06/2002,6,7,25,33,38,43,23
22/06/2002,14,17,18,22,32,37,12
19/06/2002,18,21,32,36,39,41,9
15/06/2002,3,13,14,23,30,36,32
12/6/2002,1,2,10,34,47,48,12
8/6/2002,15,16,18,28,36,47,49
5/6/2002,3,5,7,26,43,47,10
1/6/2002,13,19,27,36,41,44,3
29/05/2002,19,26,30,34,40,44,13
25/05/2002,7,14,15,25,27,40,18
22/05/2002,5,9,18,39,43,46,48
18/05/2002,21,22,30,31,38,48,13
15/05/2002,4,6,10,19,40,49,9
11/5/2002,1,25,27,35,43,46,22
8/5/2002,8,10,42,44,47,49,14
4/5/2002,8,9,11,17,45,47,24
1/5/2002,10,15,19,22,24,32,41
27/04/2002,11,19,32,33,43,44,3
24/04/2002,3,13,17,20,21,30,23
20/04/2002,7,14,21,32,43,44,31
17/04/2002,5,13,19,30,32,43,6
13/04/2002,3,19,22,40,41,44,35
10/4/2002,5,11,24,26,34,41,2
6/4/2002,17,18,32,35,39,48,8
3/4/2002,4,8,18,26,32,34,10
30/03/2002,8,14,25,36,38,47,15
27/03/2002,6,9,20,24,35,36,39
23/03/2002,9,24,28,30,31,40,49
20/03/2002,10,18,25,28,37,43,14
16/03/2002,5,6,26,41,42,44,11
13/03/2002,1,7,15,23,27,34,26
9/3/2002,9,18,20,21,39,48,6
6/3/2002,5,17,20,31,33,34,26
2/3/2002,8,11,25,33,37,43,30
27/02/2002,6,12,28,31,39,44,42
23/02/2002,8,9,27,34,43,48,25
20/02/2002,17,21,24,25,46,49,22
16/02/2002,10,20,24,36,37,44,1
13/02/2002,4,7,12,13,16,29,22
9/2/2002,7,15,20,28,40,48,4
6/2/2002,2,13,20,36,37,40,34
2/2/2002,6,12,30,39,45,46,11
30/01/2002,12,19,27,39,42,47,4
26/01/2002,10,13,20,25,27,32,1
23/01/2002,6,8,14,19,20,44,41
19/01/2002,7,18,34,37,39,42,21
16/01/2002,15,16,23,27,32,44,17
12/1/2002,1,3,11,12,20,24,38
9/1/2002,16,20,28,29,41,45,12
5/1/2002,2,16,28,34,41,42,38
2/1/2002,2,6,20,24,29,32,21
29/12/2001,11,19,31,32,36,45,41
26/12/2001,10,17,26,29,36,37,16
22/12/2001,1,9,10,12,23,40,8
19/12/2001,7,28,34,43,46,48,20
15/12/2001,5,7,13,24,35,40,16
12/12/2001,9,23,25,33,38,44,29
8/12/2001,1,14,16,30,34,42,9
5/12/2001,4,6,8,19,23,29,38
1/12/2001,2,14,19,26,34,48,11
28/11/2001,8,22,31,32,42,45,20
24/11/2001,23,27,30,37,38,42,28
21/11/2001,10,25,30,38,44,46,17
17/11/2001,12,19,30,34,37,41,1
14/11/2001,19,29,32,33,43,47,46
10/11/2001,6,23,24,25,30,49,39
7/11/2001,8,9,10,20,39,40,36
3/11/2001,10,31,34,39,43,44,17
31/10/2001,4,5,6,18,36,49,13
27/10/2001,2,21,23,24,27,38,33
24/10/2001,8,38,39,40,43,44,3
20/10/2001,1,3,6,19,21,26,14
17/10/2001,5,20,26,31,32,40,36
13/10/2001,8,33,38,40,48,49,6
10/10/2001,18,26,28,30,38,46,25
6/10/2001,9,12,29,33,44,47,45
3/10/2001,2,14,26,30,44,45,40
29/09/2001,2,14,17,22,38,44,35
26/09/2001,3,14,15,17,19,47,5
22/09/2001,6,14,35,45,46,49,16
19/09/2001,6,8,21,25,30,45,42
15/09/2001,2,9,15,17,40,48,23
12/9/2001,11,21,25,27,30,35,40
8/9/2001,1,6,13,18,20,49,30
5/9/2001,15,23,24,27,43,48,12
1/9/2001,1,9,32,34,38,49,3
29/08/2001,4,5,9,13,29,47,36
25/08/2001,1,10,14,30,36,43,20
22/08/2001,14,20,22,29,33,37,45
18/08/2001,11,16,18,22,23,31,37
15/08/2001,4,6,18,21,35,38,31
11/8/2001,18,19,25,36,38,40,42
8/8/2001,26,29,31,32,39,46,33
4/8/2001,4,7,11,15,28,47,39
1/8/2001,11,15,20,27,33,40,14
28/07/2001,3,13,29,31,36,45,44
25/07/2001,1,2,3,8,30,37,19
21/07/2001,1,9,13,18,27,45,29
18/07/2001,2,25,31,37,41,45,6
14/07/2001,7,11,14,22,37,38,36
11/7/2001,11,16,19,24,33,47,39
7/7/2001,24,34,37,38,41,49,15
4/7/2001,13,28,32,38,40,47,27
30/06/2001,9,15,22,43,46,48,21
27/06/2001,12,18,39,43,45,49,33
23/06/2001,7,15,16,24,25,46,37
20/06/2001,11,18,24,31,34,49,48
16/06/2001,7,25,31,35,39,45,8
13/06/2001,12,14,19,33,35,48,40
9/6/2001,12,14,24,33,45,48,31
6/6/2001,12,16,35,37,38,47,26
2/6/2001,7,11,19,24,32,39,29
30/05/2001,7,15,23,35,39,44,48
26/05/2001,3,15,22,29,35,49,20
23/05/2001,4,11,30,31,44,47,21
19/05/2001,4,12,30,33,43,48,35
16/05/2001,1,25,27,33,38,45,4
12/5/2001,6,29,30,38,39,45,22
9/5/2001,9,18,27,30,32,48,46
5/5/2001,1,3,16,33,46,47,35
2/5/2001,2,17,20,23,28,43,16
28/04/2001,2,25,33,40,44,47,17
25/04/2001,10,11,24,35,40,44,33
21/04/2001,12,20,23,26,33,46,1
18/04/2001,30,35,41,44,46,49,33
14/04/2001,7,24,35,41,42,47,12
11/4/2001,2,19,37,38,44,49,33
7/4/2001,9,19,30,32,34,44,18
4/4/2001,10,16,23,24,28,45,46
31/03/2001,22,23,26,34,37,44,8
28/03/2001,2,25,34,35,36,39,26
24/03/2001,6,25,31,32,42,43,38
21/03/2001,11,22,27,34,39,42,36
17/03/2001,1,3,15,26,45,46,48
14/03/2001,1,5,8,31,37,38,15
10/3/2001,2,4,12,21,36,37,46
7/3/2001,3,12,30,33,40,49,22
3/3/2001,7,14,20,24,38,48,17
28/02/2001,4,9,12,13,22,32,8
24/02/2001,1,3,12,28,29,41,42
21/02/2001,8,10,24,30,40,44,17
17/02/2001,10,14,31,35,40,45,26
14/02/2001,3,10,23,27,30,32,19
10/2/2001,7,9,12,17,20,32,30
7/2/2001,2,5,33,37,40,45,22
3/2/2001,2,15,16,17,25,26,44
31/01/2001,1,16,33,36,38,45,48
27/01/2001,4,12,15,39,45,47,22
24/01/2001,10,11,28,29,31,39,24
20/01/2001,13,17,22,41,43,47,28
17/01/2001,10,13,24,31,36,47,41
13/01/2001,12,23,28,34,36,40,18
10/1/2001,10,14,15,23,24,27,39
6/1/2001,6,16,23,34,35,40,37
3/1/2001,5,6,16,17,19,22,40
30/12/2000,1,7,16,18,38,47,10
27/12/2000,9,24,26,36,37,42,25
23/12/2000,2,16,17,23,37,38,6
20/12/2000,5,8,39,41,46,49,13
16/12/2000,17,21,26,29,34,39,37
13/12/2000,3,12,23,34,38,39,11
9/12/2000,11,16,25,31,32,33,23
6/12/2000,6,10,13,19,27,47,25
2/12/2000,2,19,28,37,46,47,38
29/11/2000,7,19,28,30,33,37,29
25/11/2000,3,6,20,42,43,48,30
22/11/2000,4,12,20,23,31,33,16
18/11/2000,6,9,11,21,27,43,17
15/11/2000,13,19,28,31,41,44,6
11/11/2000,18,23,28,34,35,47,11
8/11/2000,2,5,9,16,27,43,28
4/11/2000,2,8,17,29,33,44,11
1/11/2000,4,9,20,23,38,45,47
28/10/2000,1,13,14,23,31,47,9
25/10/2000,6,9,13,14,26,38,22
21/10/2000,8,14,15,18,24,44,31
18/10/2000,4,6,11,19,32,36,23
14/10/2000,7,22,31,37,38,40,30
11/10/2000,6,10,19,30,34,41,26
7/10/2000,1,6,20,28,31,45,26
4/10/2000,10,14,19,43,46,49,2
30/09/2000,12,15,27,32,40,44,35
27/09/2000,4,10,24,28,40,47,25
23/09/2000,6,16,18,32,35,45,46
20/09/2000,7,25,30,34,38,39,28
16/09/2000,4,22,23,26,42,47,5
13/09/2000,14,20,25,32,47,49,34
9/9/2000,3,4,24,25,35,43,7
6/9/2000,6,7,11,23,32,44,34
2/9/2000,11,12,21,31,36,40,22
30/08/2000,13,21,24,38,40,41,9
26/08/2000,4,11,16,29,34,35,13
23/08/2000,3,31,32,37,38,47,20
19/08/2000,5,22,34,38,43,46,9
16/08/2000,11,24,33,34,37,45,43
12/8/2000,6,31,35,36,43,46,33
9/8/2000,10,14,32,35,36,43,37
5/8/2000,1,3,35,37,39,48,26
2/8/2000,26,35,38,39,44,46,1
29/07/2000,29,30,33,37,45,48,15
26/07/2000,2,28,29,40,43,47,30
22/07/2000,13,16,43,45,47,48,36
19/07/2000,16,23,31,33,38,41,20
15/07/2000,1,2,7,35,39,44,14
12/7/2000,4,12,21,27,41,49,40
8/7/2000,21,30,35,38,41,46,26
5/7/2000,6,11,19,23,25,28,35
1/7/2000,11,16,22,39,42,48,38
28/06/2000,8,10,27,38,40,46,3
24/06/2000,6,9,32,34,42,48,4
21/06/2000,1,10,24,33,37,46,4
17/06/2000,4,22,24,25,40,43,6
14/06/2000,4,7,23,24,26,38,3
10/6/2000,1,14,15,35,44,47,34
7/6/2000,2,5,20,24,28,39,21
3/6/2000,3,8,19,35,36,48,21
31/05/2000,1,11,14,19,38,44,45
27/05/2000,21,23,33,34,43,45,40
24/05/2000,6,8,21,36,38,46,33
20/05/2000,7,11,18,21,25,44,28
17/05/2000,1,10,11,15,21,48,7
13/05/2000,6,30,35,42,44,45,33
10/5/2000,10,18,29,37,38,46,4
6/5/2000,2,3,30,31,41,45,23
3/5/2000,5,6,24,36,38,48,15
29/04/2000,15,16,19,27,29,42,24
26/04/2000,4,9,14,28,36,39,6
22/04/2000,26,31,35,43,48,49,38
19/04/2000,1,3,7,19,29,44,25
15/04/2000,2,23,28,31,46,48,42
12/4/2000,9,12,19,22,26,34,44
8/4/2000,18,23,30,46,47,49,31
5/4/2000,2,3,7,10,40,48,37
1/4/2000,3,11,19,25,29,30,16
29/03/2000,11,18,20,23,28,32,15
25/03/2000,15,22,23,27,32,37,43
22/03/2000,6,18,20,33,36,40,10
18/03/2000,5,8,15,16,22,39,31
15/03/2000,7,12,25,28,30,40,37
11/3/2000,7,12,37,42,46,49,9
8/3/2000,6,18,22,32,36,46,24
4/3/2000,11,13,19,26,28,47,8
1/3/2000,4,8,10,12,15,30,34
26/02/2000,3,5,6,8,16,45,1
23/02/2000,11,17,18,20,39,47,43
19/02/2000,1,5,11,32,43,46,38
16/02/2000,6,7,12,16,19,42,18
12/2/2000,4,6,12,17,18,19,37
9/2/2000,3,6,14,19,32,41,35
5/2/2000,21,38,40,46,47,49,48
2/2/2000,10,30,31,32,39,42,25
29/01/2000,5,7,17,21,27,48,37
26/01/2000,6,14,21,28,41,43,30
22/01/2000,7,9,10,40,41,44,14
19/01/2000,4,16,17,43,46,48,5
15/01/2000,10,12,16,17,31,47,21
12/1/2000,3,10,14,17,19,27,49
8/1/2000,13,18,32,34,39,41,2
5/1/2000,5,22,25,30,31,33,7
1/1/2000,2,5,14,23,27,48,38
29/12/1999,16,26,33,36,39,47,43
24/12/1999,2,21,23,24,25,35,38
22/12/1999,29,32,39,46,47,49,24
18/12/1999,6,7,12,13,18,29,25
15/12/1999,4,9,16,35,43,44,27
11/12/1999,5,9,27,37,43,46,28
8/12/1999,7,10,11,26,31,33,39
4/12/1999,16,23,25,31,35,47,48
1/12/1999,28,36,37,38,42,47,23
27/11/1999,8,10,22,46,47,49,32
24/11/1999,1,12,16,33,34,44,37
20/11/1999,7,9,15,20,29,34,6
17/11/1999,2,6,23,31,33,36,20
13/11/1999,7,10,21,28,29,39,2
10/11/1999,2,10,18,19,28,35,26
6/11/1999,8,10,23,34,36,46,2
3/11/1999,3,22,25,31,35,37,48
30/10/1999,10,15,17,27,44,47,14
27/10/1999,4,9,13,22,25,32,3
23/10/1999,4,8,10,15,25,39,49
20/10/1999,9,18,27,29,33,43,48
16/10/1999,11,25,27,31,40,41,12
13/10/1999,3,19,23,29,33,34,10
9/10/1999,8,15,26,29,38,46,12
6/10/1999,9,13,19,21,30,45,37
2/10/1999,3,14,28,37,38,49,33
29/09/1999,1,3,8,33,39,43,49
25/09/1999,18,20,26,30,43,49,36
22/09/1999,6,16,21,28,37,44,15
18/09/1999,5,11,15,18,23,33,38
15/09/1999,9,14,27,30,32,49,3
11/9/1999,2,4,16,21,29,46,5
8/9/1999,8,10,17,22,36,38,34
4/9/1999,3,5,7,10,14,20,16
1/9/1999,3,5,19,27,39,49,15
28/08/1999,6,14,15,17,27,47,29
25/08/1999,1,8,20,22,36,48,11
21/08/1999,12,15,16,17,42,48,45
18/08/1999,6,8,13,34,38,45,17
14/08/1999,1,9,18,24,38,44,26
11/8/1999,1,15,22,38,39,48,25
7/8/1999,4,7,19,22,24,46,47
4/8/1999,3,4,9,29,31,36,41
31/07/1999,12,26,27,32,46,49,42
28/07/1999,3,14,30,32,46,49,10
24/07/1999,8,25,26,37,38,48,24
21/07/1999,12,17,26,32,33,46,4
17/07/1999,3,15,23,42,45,48,46
14/07/1999,1,15,21,37,41,42,43
10/7/1999,5,7,15,26,35,40,45
7/7/1999,4,6,8,41,43,44,28
3/7/1999,11,17,28,36,42,44,37
30/06/1999,2,14,19,25,32,49,31
26/06/1999,2,17,18,23,30,40,43
23/06/1999,8,11,18,30,33,43,34
19/06/1999,4,6,20,24,41,42,38
16/06/1999,17,21,25,37,38,45,5
12/6/1999,3,18,21,23,36,49,47
9/6/1999,8,10,12,34,46,48,20
5/6/1999,11,20,24,28,35,48,33
2/6/1999,17,23,27,34,36,37,12
29/05/1999,3,7,9,12,43,44,45
26/05/1999,14,22,26,29,33,46,10
22/05/1999,8,11,14,24,26,49,45
19/05/1999,1,2,5,27,38,49,41
15/05/1999,4,14,18,24,27,40,33
12/5/1999,8,9,26,29,38,47,44
8/5/1999,1,12,24,31,33,47,7
5/5/1999,7,13,17,22,39,44,18
1/5/1999,7,20,24,31,33,40,49
28/04/1999,15,23,24,36,43,49,11
24/04/1999,3,8,11,25,46,47,30
21/04/1999,3,12,22,31,44,46,45
17/04/1999,3,16,28,29,41,46,6
14/04/1999,5,9,12,25,30,32,38
10/4/1999,10,18,25,32,35,36,2
7/4/1999,10,15,23,27,29,46,38
3/4/1999,3,7,9,15,40,43,11
31/03/1999,1,5,12,24,26,38,11
27/03/1999,9,25,30,36,44,48,2
24/03/1999,13,21,27,32,45,48,22
20/03/1999,13,17,25,29,45,49,28
17/03/1999,1,7,29,38,45,46,35
13/03/1999,1,2,15,17,24,44,22
10/3/1999,8,18,27,32,36,49,46
6/3/1999,8,32,33,37,43,47,45
3/3/1999,20,22,24,25,36,40,1
27/02/1999,1,7,13,15,38,43,47
24/02/1999,2,3,13,27,34,48,41
20/02/1999,3,9,17,23,29,40,44
17/02/1999,2,22,31,32,40,42,33
13/02/1999,5,23,26,27,47,49,48
10/2/1999,2,20,21,33,35,49,32
6/2/1999,2,17,23,38,40,49,10
3/2/1999,3,16,18,24,39,47,17
30/01/1999,7,19,32,37,40,44,47
27/01/1999,2,3,6,20,21,22,11
23/01/1999,1,8,10,17,32,47,2
20/01/1999,4,8,14,19,28,40,12
16/01/1999,11,26,28,32,41,42,44
13/01/1999,6,25,27,35,42,48,15
9/1/1999,1,15,23,34,37,40,45
6/1/1999,2,11,18,21,23,47,27
2/1/1999,4,31,33,38,41,46,22
30/12/1998,3,13,18,24,34,49,33
26/12/1998,2,8,11,32,35,41,4
23/12/1998,4,12,18,30,38,47,20
19/12/1998,9,10,18,25,28,48,34
16/12/1998,11,19,20,24,29,40,9
12/12/1998,26,28,38,39,41,46,25
9/12/1998,1,7,39,40,45,49,38
5/12/1998,4,7,23,26,27,35,28
2/12/1998,7,11,16,28,37,49,30
28/11/1998,4,25,26,30,37,45,46
25/11/1998,4,8,30,37,39,43,31
21/11/1998,7,9,17,22,38,49,47
18/11/1998,2,8,12,30,35,47,39
14/11/1998,7,11,12,17,23,39,42
11/11/1998,5,11,19,25,29,49,12
7/11/1998,13,24,25,31,32,44,43
4/11/1998,2,9,11,23,24,42,27
31/10/1998,5,9,12,14,18,38,35
28/10/1998,1,2,7,17,31,49,41
24/10/1998,6,8,15,23,26,41,49
21/10/1998,3,11,15,41,42,48,26
17/10/1998,3,25,36,37,41,45,9
14/10/1998,1,2,5,15,41,45,24
10/10/1998,11,13,21,26,43,46,38
7/10/1998,2,12,24,29,30,33,41
3/10/1998,1,11,18,19,22,32,41
30/09/1998,10,12,14,28,31,38,27
26/09/1998,6,15,18,29,35,40,49
23/09/1998,9,11,14,26,28,39,27
19/09/1998,24,26,27,28,34,40,9
16/09/1998,18,25,28,36,40,45,43
12/9/1998,3,15,23,25,28,33,29
9/9/1998,1,2,9,27,28,32,25
5/9/1998,9,10,11,27,42,47,8
2/9/1998,7,19,27,33,39,43,9
29/08/1998,10,12,37,42,44,45,20
26/08/1998,3,20,26,27,30,43,45
22/08/1998,2,10,11,27,32,38,6
19/08/1998,5,27,34,44,46,48,49
15/08/1998,3,5,15,22,31,35,47
12/8/1998,12,21,23,25,44,49,20
8/8/1998,2,5,17,21,45,47,25
5/8/1998,13,35,38,40,42,47,34
1/8/1998,12,14,31,41,48,49,6
29/07/1998,1,7,23,29,38,48,2
25/07/1998,18,25,36,38,43,44,19
22/07/1998,28,34,38,39,46,47,21
18/07/1998,3,11,20,33,42,44,36
15/07/1998,1,15,23,31,35,39,14
11/7/1998,3,14,23,30,39,43,32
8/7/1998,12,13,21,23,33,36,14
4/7/1998,9,15,25,29,32,49,14
1/7/1998,17,18,28,40,44,46,29
27/06/1998,7,9,11,23,30,43,35
24/06/1998,2,14,19,25,26,33,18
20/06/1998,1,14,27,31,38,47,32
17/06/1998,2,10,16,17,20,27,39
13/06/1998,2,7,10,15,27,45,31
10/6/1998,2,9,26,28,33,46,21
6/6/1998,1,15,23,31,42,48,5
3/6/1998,1,17,18,23,33,41,42
30/05/1998,2,3,14,29,38,40,43
27/05/1998,8,13,15,26,39,42,33
23/05/1998,8,20,24,35,43,47,32
20/05/1998,11,15,31,35,36,42,10
16/05/1998,2,4,6,10,34,44,21
13/05/1998,3,13,16,23,41,42,21
9/5/1998,2,9,25,26,35,40,47
6/5/1998,6,7,14,19,22,27,9
2/5/1998,2,4,16,24,29,49,47
29/04/1998,12,15,28,34,36,40,1
25/04/1998,17,22,36,38,43,48,16
22/04/1998,3,7,9,10,12,37,46
18/04/1998,1,13,29,31,33,42,9
15/04/1998,1,12,18,26,29,36,2
11/4/1998,7,10,31,35,43,44,37
8/4/1998,9,22,37,41,43,47,14
4/4/1998,5,19,24,33,38,48,20
1/4/1998,1,2,24,36,37,38,31
28/03/1998,11,13,23,28,29,37,8
25/03/1998,1,6,10,25,31,45,8
21/03/1998,2,15,23,26,41,43,5
18/03/1998,12,25,31,39,46,47,1
14/03/1998,2,15,18,26,36,38,42
11/3/1998,16,22,23,28,33,37,17
7/3/1998,4,11,14,39,43,44,37
4/3/1998,6,28,30,34,41,45,12
28/02/1998,1,7,15,18,30,31,9
25/02/1998,9,21,27,36,42,48,13
21/02/1998,2,16,25,27,37,45,10
18/02/1998,1,5,10,13,25,32,48
14/02/1998,8,13,14,17,20,28,10
11/2/1998,11,32,38,42,46,49,26
7/2/1998,9,25,27,31,42,45,24
4/2/1998,13,17,32,35,42,45,20
31/01/1998,17,22,30,40,46,48,10
28/01/1998,4,12,15,31,32,47,14
24/01/1998,1,4,6,14,24,49,22
21/01/1998,5,12,24,35,36,38,34
17/01/1998,14,31,33,38,46,48,26
14/01/1998,20,27,28,31,33,41,38
10/1/1998,3,10,11,27,47,49,8
7/1/1998,7,14,25,32,36,38,44
3/1/1998,1,13,26,28,35,45,30
31/12/1997,8,13,18,21,23,29,30
27/12/1997,14,21,28,31,40,46,9
24/12/1997,5,6,11,29,36,41,47
20/12/1997,1,2,7,26,34,38,14
17/12/1997,17,35,36,43,46,49,7
13/12/1997,3,4,11,14,30,32,46
10/12/1997,4,17,22,29,38,48,20
6/12/1997,5,9,19,21,30,49,43
3/12/1997,1,8,36,39,47,49,37
29/11/1997,2,8,21,29,46,47,28
26/11/1997,5,11,19,23,24,47,17
22/11/1997,8,14,24,28,39,45,29
19/11/1997,22,27,33,42,46,47,32
15/11/1997,11,14,23,32,34,35,41
12/11/1997,3,6,8,27,36,45,47
8/11/1997,5,24,34,37,40,48,33
5/11/1997,1,4,6,9,32,38,46
1/11/1997,9,10,14,16,37,39,28
29/10/1997,2,4,25,32,33,45,31
25/10/1997,10,21,27,38,40,44,34
22/10/1997,1,8,9,14,24,35,33
18/10/1997,4,9,25,28,32,46,47
15/10/1997,11,17,30,35,39,45,47
11/10/1997,15,17,18,27,34,40,29
8/10/1997,3,4,7,23,34,43,15
4/10/1997,12,19,28,36,40,46,38
1/10/1997,8,12,17,35,38,49,25
27/09/1997,15,21,29,32,33,40,42
24/09/1997,12,14,29,31,32,44,46
20/09/1997,9,30,38,40,43,44,31
17/09/1997,7,20,21,22,40,44,4
13/09/1997,1,2,5,31,32,40,44
10/9/1997,20,31,32,35,43,45,5
7/9/1997,20,22,26,36,40,41,16
3/9/1997,10,14,22,30,38,43,25
30/08/1997,6,20,30,33,38,46,42
27/08/1997,1,7,22,25,31,47,20
23/08/1997,4,10,25,36,44,47,29
20/08/1997,8,20,27,28,36,41,30
16/08/1997,2,9,19,20,38,49,11
13/08/1997,5,10,17,29,41,43,45
9/8/1997,1,18,20,25,30,31,44
6/8/1997,3,5,6,20,45,49,31
2/8/1997,2,16,28,37,43,47,31
30/07/1997,3,6,12,19,44,45,20
26/07/1997,9,15,20,27,30,41,31
23/07/1997,4,11,21,27,28,34,16
19/07/1997,7,19,36,44,45,47,4
16/07/1997,8,18,23,26,35,45,3
12/7/1997,4,9,27,37,44,45,7
9/7/1997,3,5,13,22,24,43,23
5/7/1997,1,4,11,36,43,44,41
2/7/1997,6,10,18,22,41,45,29
28/06/1997,2,9,14,36,43,48,27
25/06/1997,12,17,27,28,38,40,6
21/06/1997,1,17,26,27,30,44,47
18/06/1997,4,14,19,23,25,48,42
14/06/1997,3,8,10,16,43,44,34
11/6/1997,10,31,33,40,42,44,20
7/6/1997,12,14,21,25,30,40,3
4/6/1997,18,19,21,30,34,44,6
31/05/1997,2,5,9,28,29,45,49
28/05/1997,3,19,24,25,36,48,17
24/05/1997,3,21,23,25,26,33,24
21/05/1997,5,8,21,38,39,49,34
17/05/1997,2,9,13,18,27,48,24
14/05/1997,2,8,16,21,29,37,22
10/5/1997,12,19,22,23,25,44,2
7/5/1997,12,19,28,31,34,43,40
3/5/1997,6,20,29,31,35,40,21
30/04/1997,8,10,16,17,24,40,13
26/04/1997,6,10,14,25,27,38,5
23/04/1997,8,12,17,23,34,43,36
19/04/1997,1,14,16,25,32,37,11
16/04/1997,3,6,9,19,37,48,25
12/4/1997,9,27,29,37,42,44,21
9/4/1997,6,22,35,42,45,49,16
5/4/1997,1,3,28,31,41,46,33
2/4/1997,5,10,17,25,40,43,8
29/03/1997,17,19,31,36,39,40,25
26/03/1997,24,33,42,43,44,47,17
22/03/1997,14,27,39,40,41,43,21
19/03/1997,13,16,17,29,40,48,32
15/03/1997,7,24,37,39,40,43,15
12/3/1997,3,4,5,16,22,25,12
8/3/1997,5,12,20,29,39,42,22
5/3/1997,7,12,20,24,28,43,45
1/3/1997,2,8,23,33,42,49,14
26/02/1997,2,34,36,38,44,46,40
22/02/1997,1,5,8,9,23,27,22
19/02/1997,9,11,19,36,39,41,13
15/02/1997,7,14,21,34,38,47,13
12/2/1997,5,14,23,29,38,45,47
8/2/1997,9,13,27,30,36,47,15
5/2/1997,9,25,28,29,31,35,37
1/2/1997,12,16,20,28,36,48,34
25/01/1997,1,24,28,31,35,47,9
18/01/1997,3,21,22,26,31,48,43
11/1/1997,4,11,16,18,35,43,39
4/1/1997,11,13,14,27,40,41,23
28/12/1996,8,10,20,27,31,39,30
21/12/1996,5,26,35,38,42,45,46
14/12/1996,12,24,33,34,42,47,44
7/12/1996,6,13,17,22,42,47,30
30/11/1996,4,5,12,25,26,49,48
23/11/1996,16,33,34,43,46,49,47
16/11/1996,1,5,16,18,37,42,24
9/11/1996,8,24,27,41,43,49,5
2/11/1996,7,23,32,35,43,48,25
26/10/1996,1,3,9,20,30,35,36
19/10/1996,10,13,31,34,39,48,33
12/10/1996,15,16,25,30,39,45,14
5/10/1996,6,9,25,45,47,48,14
28/09/1996,19,23,26,31,36,39,3
21/09/1996,7,8,12,30,35,41,47
14/09/1996,2,9,10,11,38,48,1
7/9/1996,5,13,15,18,32,44,41
31/08/1996,3,5,14,27,44,47,43
24/08/1996,8,11,14,18,33,44,34
17/08/1996,2,28,33,39,42,44,46
10/8/1996,3,23,36,38,41,45,44
3/8/1996,13,17,26,28,31,36,44
27/07/1996,2,13,19,21,32,45,9
20/07/1996,6,14,20,25,34,44,45
13/07/1996,5,10,11,12,41,42,2
6/7/1996,13,26,43,44,45,47,36
29/06/1996,4,17,27,34,35,46,7
22/06/1996,3,4,7,11,17,40,20
15/06/1996,13,18,25,44,46,47,34
8/6/1996,11,15,17,25,32,46,29
1/6/1996,24,35,36,37,39,45,20
25/05/1996,8,20,26,34,42,43,25
18/05/1996,4,12,13,33,40,46,41
11/5/1996,7,10,12,22,34,48,11
4/5/1996,6,25,26,33,34,47,49
27/04/1996,4,6,11,18,31,48,41
20/04/1996,9,28,29,31,40,48,23
13/04/1996,23,38,40,44,47,49,12
6/4/1996,1,4,6,14,17,38,9
30/03/1996,12,26,27,28,37,49,43
23/03/1996,5,7,14,18,30,43,28
16/03/1996,2,12,19,28,38,48,45
9/3/1996,14,16,29,30,37,45,7
2/3/1996,9,11,12,24,41,45,6
24/02/1996,2,5,7,24,35,44,30
17/02/1996,4,14,15,16,18,22,33
10/2/1996,4,11,14,15,28,42,6
3/2/1996,2,9,22,26,32,44,40
27/01/1996,16,17,38,41,42,43,28
20/01/1996,5,23,25,30,33,37,3
13/01/1996,21,29,31,32,34,48,25
6/1/1996,2,3,4,13,42,44,24
30/12/1995,6,32,39,42,43,45,36
23/12/1995,6,11,34,40,47,49,16
16/12/1995,7,8,23,28,35,49,10
9/12/1995,5,11,12,26,29,33,20
2/12/1995,15,16,19,26,35,46,7
25/11/1995,16,23,28,30,42,46,45
18/11/1995,4,7,18,33,45,48,1
11/11/1995,7,10,23,28,30,48,3
4/11/1995,6,14,18,27,44,48,1
28/10/1995,7,16,27,33,35,44,5
21/10/1995,2,6,17,19,21,47,5
14/10/1995,4,5,9,25,30,47,17
7/10/1995,10,22,28,30,36,37,45
30/09/1995,10,11,29,32,33,40,16
23/09/1995,5,10,19,24,34,46,28
16/09/1995,2,10,14,25,37,41,5
9/9/1995,2,12,20,22,41,45,47
2/9/1995,1,15,22,28,40,49,44
26/08/1995,16,18,21,27,38,41,26
19/08/1995,5,8,23,24,28,48,19
12/8/1995,11,25,28,33,34,47,48
5/8/1995,1,8,25,30,35,45,15
29/07/1995,28,34,41,45,46,49,11
22/07/1995,2,3,21,22,23,40,24
15/07/1995,1,4,20,31,41,43,38
8/7/1995,1,3,11,14,20,40,45
1/7/1995,5,7,8,25,44,48,3
24/06/1995,5,15,21,42,43,45,20
17/06/1995,27,30,33,38,40,48,2
10/6/1995,12,15,26,44,46,49,14
3/6/1995,1,21,29,31,32,40,27
27/05/1995,12,13,25,37,44,45,9
20/05/1995,15,16,17,28,32,46,22
13/05/1995,7,16,25,26,28,41,19
6/5/1995,5,14,17,35,43,48,22
29/04/1995,9,15,22,31,34,48,23
22/04/1995,8,18,20,33,36,38,46
15/04/1995,1,4,6,23,26,49,8
8/4/1995,14,17,22,24,42,47,34
1/4/1995,22,25,30,32,41,43,29
25/03/1995,4,17,41,42,44,49,24
18/03/1995,9,18,19,24,31,41,21
11/3/1995,2,13,22,27,29,46,36
4/3/1995,11,12,17,26,36,42,13
25/02/1995,5,8,10,18,31,33,28
18/02/1995,16,19,21,29,36,45,43
11/2/1995,15,18,29,35,38,48,5
4/2/1995,1,7,37,38,42,46,20
28/01/1995,4,16,25,26,31,43,21
21/01/1995,6,16,20,30,31,47,4
14/01/1995,7,17,23,32,38,42,48
7/1/1995,2,5,21,22,25,32,46
31/12/1994,9,17,32,36,42,44,16
24/12/1994,2,3,27,29,39,44,6
17/12/1994,3,5,9,13,14,38,30
10/12/1994,26,35,38,43,47,49,28
3/12/1994,11,17,21,29,30,40,31
26/11/1994,6,12,15,16,31,44,37
19/11/1994,3,5,14,22,30,44,10
